timestamp,block,token,spread,profit
2025-05-02T23:21:53.843Z,22399353,USDC,1.5,0.001923
2025-05-02T23:21:54.199Z,22399353,DAI,1.5,0.002002
2025-05-02T23:21:54.488Z,22399353,UNI,1.5,0.000654
2025-05-02T23:21:54.725Z,22399353,WBTC,1.5,0.002067
2025-05-02T23:21:54.967Z,22399353,WETH,1.5,0.001158
2025-05-02T23:21:55.199Z,22399353,USDT,1.5,0.001806
2025-05-02T23:22:01.798Z,22399354,USDC,1.5,0.001447
2025-05-02T23:22:02.100Z,22399354,DAI,1.5,0.001194
2025-05-02T23:22:02.394Z,22399354,UNI,1.5,0.001252
2025-05-02T23:22:02.664Z,22399354,WBTC,1.5,0.001791
2025-05-02T23:22:02.911Z,22399354,WETH,1.5,0.00138
2025-05-02T23:22:03.198Z,22399354,USDT,1.5,0.001756
2025-05-02T23:22:13.819Z,22399355,USDC,1.5,0.001685
2025-05-02T23:22:14.305Z,22399355,DAI,1.5,0.001741
2025-05-02T23:22:14.568Z,22399355,UNI,1.5,0.001117
2025-05-02T23:22:14.881Z,22399355,WBTC,1.5,0.001801
2025-05-02T23:22:15.165Z,22399355,WETH,1.5,0.00168
2025-05-02T23:22:15.713Z,22399355,USDT,1.5,0.001374
2025-05-02T23:22:25.840Z,22399356,USDC,1.5,0.001439
2025-05-02T23:22:26.247Z,22399356,DAI,1.5,0.00132
2025-05-02T23:22:26.564Z,22399356,UNI,1.5,0.002493
2025-05-02T23:22:26.808Z,22399356,WBTC,1.5,0.001653
2025-05-02T23:22:27.142Z,22399356,WETH,1.5,0.001566
2025-05-02T23:22:27.702Z,22399356,USDT,1.5,0.000837
2025-05-02T23:22:37.870Z,22399357,USDC,1.5,0.002492
2025-05-02T23:22:38.309Z,22399357,DAI,1.5,0.002177
2025-05-02T23:22:38.654Z,22399357,UNI,1.5,0.001422
2025-05-02T23:22:38.880Z,22399357,WBTC,1.5,0.001653
2025-05-02T23:22:39.283Z,22399357,WETH,1.5,0.00156
2025-05-02T23:22:39.660Z,22399357,USDT,1.5,0.000867
2025-05-19T18:58:29.929Z,22518935,WETH,2.03,0.023944
2025-05-19T18:58:37.731Z,22518936,WETH,1.35,0.039715
2025-05-19T18:58:49.742Z,22518937,WETH,1.63,0.055133
2025-05-19T18:59:01.783Z,22518938,WETH,1.52,0.015348
2025-05-19T18:59:13.822Z,22518939,WETH,2.76,0.027417
2025-05-19T18:59:26.255Z,22518940,WETH,2.99,0.012707
2025-05-19T18:59:37.810Z,22518941,WETH,1.01,0.026094
2025-05-19T18:59:49.821Z,22518942,WETH,1.6,0.013912
2025-05-19T19:00:01.863Z,22518943,WETH,2.61,0.047585
2025-05-19T19:00:13.881Z,22518944,WETH,2.94,0.023966
2025-05-19T19:00:25.930Z,22518945,WETH,1.16,0.041456
2025-05-19T19:00:37.962Z,22518946,WETH,1.66,0.011902
2025-05-19T19:00:49.975Z,22518947,WETH,2.14,0.04287
2025-05-19T19:01:02.339Z,22518948,WETH,1.73,0.01071
2025-05-19T19:01:14.039Z,22518949,WETH,2.88,0.014645
2025-05-19T19:01:26.163Z,22518950,WETH,2.9,0.015966
2025-05-19T19:01:38.083Z,22518951,WETH,1.19,0.012901
2025-05-19T19:01:50.101Z,22518952,WETH,2.06,0.044553
2025-05-19T19:02:06.120Z,22518953,WETH,1.04,0.058416
2025-05-19T19:02:14.487Z,22518954,WETH,1.91,0.057746
2025-05-19T19:02:26.168Z,22518955,WETH,1.85,0.019039
2025-05-19T19:02:38.601Z,22518956,WETH,1.3,0.026928
2025-05-19T19:02:50.198Z,22518957,WETH,1.69,0.02593
2025-05-19T19:03:02.233Z,22518958,WETH,2.47,0.046644
2025-05-19T19:03:14.329Z,22518959,WETH,1.59,0.021959
2025-05-19T19:03:26.245Z,22518960,WETH,1.74,0.025944
2025-05-19T19:03:38.650Z,22518961,WETH,2.09,0.047595
2025-05-19T19:03:50.320Z,22518962,WETH,2.79,0.058275
2025-05-19T19:04:02.299Z,22518963,WETH,1.97,0.059269
2025-05-19T19:04:14.310Z,22518964,WETH,1.73,0.013338
2025-05-19T19:04:26.344Z,22518965,WETH,2.63,0.014956
2025-05-19T19:04:38.409Z,22518966,WETH,1.45,0.011016
2025-05-19T19:04:50.367Z,22518967,WETH,2.36,0.024583
2025-05-19T19:05:02.367Z,22518968,WETH,1.48,0.010897
2025-05-19T19:05:14.416Z,22518969,WETH,2.35,0.052309
2025-05-19T19:05:26.443Z,22518970,WETH,1.46,0.023858
2025-05-19T19:05:38.597Z,22518971,WETH,1.78,0.047548
2025-05-19T19:05:50.469Z,22518972,WETH,2.02,0.028368
2025-05-19T19:06:02.897Z,22518973,WETH,1.63,0.049476
2025-05-19T19:06:14.564Z,22518974,WETH,2.54,0.053766
2025-05-19T19:06:26.565Z,22518975,WETH,2.85,0.04209
2025-05-19T19:06:38.636Z,22518976,WETH,2.37,0.034891
2025-05-19T19:06:50.626Z,22518977,WETH,2.02,0.05806
2025-05-19T19:07:02.685Z,22518978,WETH,1.96,0.036883
2025-05-19T19:07:15.003Z,22518979,WETH,2.79,0.055193
2025-05-19T19:07:26.700Z,22518980,WETH,2.02,0.011913
2025-05-19T19:07:38.736Z,22518981,WETH,1.18,0.048902
2025-05-20T18:58:15.806Z,22526060,WETH,1.5,0.02
2025-05-20T18:58:27.282Z,22526061,WETH,1.5,0.02
2025-05-20T18:58:39.328Z,22526062,WETH,1.5,0.02
2025-05-20T18:58:51.047Z,22526063,WETH,1.5,0.02
2025-05-20T18:59:03.435Z,22526064,WETH,1.5,0.02
2025-05-20T18:59:15.381Z,22526065,WETH,1.5,0.02
2025-05-23T08:29:18.718Z,22544378,0xTokenA,1.2,0.05
2025-05-23T08:57:36.738Z,22544517,0xC02aaA39b223FE8D0A0e5C4F27eAD9083C756Cc2,1.2,0.05
2025-05-23T08:57:40.624Z,22544518,0xC02aaA39b223FE8D0A0e5C4F27eAD9083C756Cc2,1.2,0.05
2025-05-23T10:19:54.398Z,22544927,0xC02aaA39b223FE8D0A0e5C4F27eAD9083C756Cc2,1.2,0.05
2025-05-23T10:20:02.711Z,22544928,0xC02aaA39b223FE8D0A0e5C4F27eAD9083C756Cc2,1.2,0.05
2025-05-23T11:12:48.296Z,22545191,0xC02aaA39b223FE8D0A0e5C4F27eAD9083C756Cc2,1.2,0.05
2025-05-23T11:12:52.144Z,22545192,0xC02aaA39b223FE8D0A0e5C4F27eAD9083C756Cc2,1.2,0.05
2025-05-23T11:13:04.229Z,22545193,0xC02aaA39b223FE8D0A0e5C4F27eAD9083C756Cc2,1.2,0.05
2025-05-23T11:13:16.224Z,22545194,0xC02aaA39b223FE8D0A0e5C4F27eAD9083C756Cc2,1.2,0.05
2025-05-23T11:13:28.269Z,22545195,0xC02aaA39b223FE8D0A0e5C4F27eAD9083C756Cc2,1.2,0.05
2025-05-23T11:13:40.288Z,22545196,0xC02aaA39b223FE8D0A0e5C4F27eAD9083C756Cc2,1.2,0.05
2025-05-23T11:13:52.339Z,22545197,0xC02aaA39b223FE8D0A0e5C4F27eAD9083C756Cc2,1.2,0.05
2025-05-23T11:14:04.348Z,22545198,0xC02aaA39b223FE8D0A0e5C4F27eAD9083C756Cc2,1.2,0.05
2025-05-23T11:14:16.351Z,22545199,0xC02aaA39b223FE8D0A0e5C4F27eAD9083C756Cc2,1.2,0.05
2025-05-23T11:14:28.713Z,22545200,0xC02aaA39b223FE8D0A0e5C4F27eAD9083C756Cc2,1.2,0.05
2025-05-23T11:14:40.396Z,22545201,0xC02aaA39b223FE8D0A0e5C4F27eAD9083C756Cc2,1.2,0.05
2025-05-23T11:14:52.371Z,22545202,0xC02aaA39b223FE8D0A0e5C4F27eAD9083C756Cc2,1.2,0.05
2025-05-23T11:15:04.778Z,22545203,0xC02aaA39b223FE8D0A0e5C4F27eAD9083C756Cc2,1.2,0.05
2025-05-23T11:15:16.407Z,22545204,0xC02aaA39b223FE8D0A0e5C4F27eAD9083C756Cc2,1.2,0.05
2025-05-23T11:15:28.494Z,22545205,0xC02aaA39b223FE8D0A0e5C4F27eAD9083C756Cc2,1.2,0.05
2025-05-23T11:15:44.502Z,22545206,0xC02aaA39b223FE8D0A0e5C4F27eAD9083C756Cc2,1.2,0.05
2025-05-23T11:15:52.501Z,22545207,0xC02aaA39b223FE8D0A0e5C4F27eAD9083C756Cc2,1.2,0.05
2025-05-23T11:16:04.884Z,22545208,0xC02aaA39b223FE8D0A0e5C4F27eAD9083C756Cc2,1.2,0.05
2025-05-23T11:16:16.923Z,22545209,0xC02aaA39b223FE8D0A0e5C4F27eAD9083C756Cc2,1.2,0.05
2025-05-23T11:16:28.684Z,22545210,0xC02aaA39b223FE8D0A0e5C4F27eAD9083C756Cc2,1.2,0.05
2025-05-23T11:16:40.593Z,22545211,0xC02aaA39b223FE8D0A0e5C4F27eAD9083C756Cc2,1.2,0.05
2025-05-23T11:16:53.153Z,22545212,0xC02aaA39b223FE8D0A0e5C4F27eAD9083C756Cc2,1.2,0.05
2025-05-23T11:17:04.984Z,22545213,0xC02aaA39b223FE8D0A0e5C4F27eAD9083C756Cc2,1.2,0.05
2025-05-23T11:17:16.684Z,22545214,0xC02aaA39b223FE8D0A0e5C4F27eAD9083C756Cc2,1.2,0.05
2025-05-23T11:17:28.718Z,22545215,0xC02aaA39b223FE8D0A0e5C4F27eAD9083C756Cc2,1.2,0.05
2025-05-23T11:17:41.152Z,22545216,0xC02aaA39b223FE8D0A0e5C4F27eAD9083C756Cc2,1.2,0.05
2025-05-23T11:17:52.748Z,22545217,0xC02aaA39b223FE8D0A0e5C4F27eAD9083C756Cc2,1.2,0.05
2025-05-23T11:18:00.753Z,22545218,0xC02aaA39b223FE8D0A0e5C4F27eAD9083C756Cc2,1.2,0.05
2025-05-23T11:18:16.844Z,22545219,0xC02aaA39b223FE8D0A0e5C4F27eAD9083C756Cc2,1.2,0.05
2025-05-23T11:18:24.858Z,22545220,0xC02aaA39b223FE8D0A0e5C4F27eAD9083C756Cc2,1.2,0.05
2025-05-23T11:18:36.904Z,22545221,0xC02aaA39b223FE8D0A0e5C4F27eAD9083C756Cc2,1.2,0.05
2025-05-23T11:18:52.860Z,22545222,0xC02aaA39b223FE8D0A0e5C4F27eAD9083C756Cc2,1.2,0.05
2025-05-23T11:19:05.015Z,22545223,0xC02aaA39b223FE8D0A0e5C4F27eAD9083C756Cc2,1.2,0.05
2025-05-23T11:19:16.937Z,22545224,0xC02aaA39b223FE8D0A0e5C4F27eAD9083C756Cc2,1.2,0.05
2025-05-23T11:19:24.965Z,22545225,0xC02aaA39b223FE8D0A0e5C4F27eAD9083C756Cc2,1.2,0.05
2025-05-23T11:19:41.295Z,22545226,0xC02aaA39b223FE8D0A0e5C4F27eAD9083C756Cc2,1.2,0.05
2025-05-23T11:19:53.005Z,22545227,0xC02aaA39b223FE8D0A0e5C4F27eAD9083C756Cc2,1.2,0.05
2025-05-23T11:20:01.352Z,22545228,0xC02aaA39b223FE8D0A0e5C4F27eAD9083C756Cc2,1.2,0.05
2025-05-23T11:20:13.045Z,22545229,0xC02aaA39b223FE8D0A0e5C4F27eAD9083C756Cc2,1.2,0.05
2025-05-23T11:20:25.062Z,22545230,0xC02aaA39b223FE8D0A0e5C4F27eAD9083C756Cc2,1.2,0.05
2025-05-23T11:20:37.117Z,22545231,0xC02aaA39b223FE8D0A0e5C4F27eAD9083C756Cc2,1.2,0.05
2025-05-23T11:20:53.134Z,22545232,0xC02aaA39b223FE8D0A0e5C4F27eAD9083C756Cc2,1.2,0.05
2025-05-23T11:21:01.217Z,22545233,0xC02aaA39b223FE8D0A0e5C4F27eAD9083C756Cc2,1.2,0.05
2025-05-23T11:21:13.252Z,22545234,0xC02aaA39b223FE8D0A0e5C4F27eAD9083C756Cc2,1.2,0.05
2025-05-23T11:21:25.255Z,22545235,0xC02aaA39b223FE8D0A0e5C4F27eAD9083C756Cc2,1.2,0.05
2025-05-23T11:21:37.234Z,22545236,0xC02aaA39b223FE8D0A0e5C4F27eAD9083C756Cc2,1.2,0.05
2025-05-23T11:21:53.289Z,22545237,0xC02aaA39b223FE8D0A0e5C4F27eAD9083C756Cc2,1.2,0.05
2025-05-23T11:22:09.365Z,22545238,0xC02aaA39b223FE8D0A0e5C4F27eAD9083C756Cc2,1.2,0.05
2025-05-23T11:22:17.349Z,22545239,0xC02aaA39b223FE8D0A0e5C4F27eAD9083C756Cc2,1.2,0.05
2025-05-23T11:22:25.336Z,22545240,0xC02aaA39b223FE8D0A0e5C4F27eAD9083C756Cc2,1.2,0.05
2025-05-23T11:22:37.644Z,22545241,0xC02aaA39b223FE8D0A0e5C4F27eAD9083C756Cc2,1.2,0.05
2025-05-23T11:22:49.393Z,22545242,0xC02aaA39b223FE8D0A0e5C4F27eAD9083C756Cc2,1.2,0.05
2025-05-23T11:23:01.407Z,22545243,0xC02aaA39b223FE8D0A0e5C4F27eAD9083C756Cc2,1.2,0.05
2025-05-23T11:23:13.811Z,22545244,0xC02aaA39b223FE8D0A0e5C4F27eAD9083C756Cc2,1.2,0.05
2025-05-23T11:23:25.483Z,22545245,0xC02aaA39b223FE8D0A0e5C4F27eAD9083C756Cc2,1.2,0.05
2025-05-23T11:23:37.467Z,22545246,0xC02aaA39b223FE8D0A0e5C4F27eAD9083C756Cc2,1.2,0.05
2025-05-23T11:23:49.509Z,22545247,0xC02aaA39b223FE8D0A0e5C4F27eAD9083C756Cc2,1.2,0.05
2025-05-23T11:24:01.538Z,22545248,0xC02aaA39b223FE8D0A0e5C4F27eAD9083C756Cc2,1.2,0.05
2025-05-23T11:24:13.607Z,22545249,0xC02aaA39b223FE8D0A0e5C4F27eAD9083C756Cc2,1.2,0.05
2025-05-23T11:24:25.952Z,22545250,0xC02aaA39b223FE8D0A0e5C4F27eAD9083C756Cc2,1.2,0.05
2025-05-23T11:24:37.595Z,22545251,0xC02aaA39b223FE8D0A0e5C4F27eAD9083C756Cc2,1.2,0.05
2025-05-23T11:24:49.985Z,22545252,0xC02aaA39b223FE8D0A0e5C4F27eAD9083C756Cc2,1.2,0.05
2025-05-23T11:25:01.662Z,22545253,0xC02aaA39b223FE8D0A0e5C4F27eAD9083C756Cc2,1.2,0.05
2025-05-23T11:25:13.715Z,22545254,0xC02aaA39b223FE8D0A0e5C4F27eAD9083C756Cc2,1.2,0.05
2025-05-23T11:25:29.810Z,22545255,0xC02aaA39b223FE8D0A0e5C4F27eAD9083C756Cc2,1.2,0.05
2025-05-23T11:25:42.099Z,22545256,0xC02aaA39b223FE8D0A0e5C4F27eAD9083C756Cc2,1.2,0.05
2025-05-23T11:25:49.756Z,22545257,0xC02aaA39b223FE8D0A0e5C4F27eAD9083C756Cc2,1.2,0.05
2025-05-23T11:26:05.828Z,22545258,0xC02aaA39b223FE8D0A0e5C4F27eAD9083C756Cc2,1.2,0.05
2025-05-23T11:26:13.828Z,22545259,0xC02aaA39b223FE8D0A0e5C4F27eAD9083C756Cc2,1.2,0.05
2025-05-23T11:26:25.847Z,22545260,0xC02aaA39b223FE8D0A0e5C4F27eAD9083C756Cc2,1.2,0.05
2025-05-23T11:26:37.877Z,22545261,0xC02aaA39b223FE8D0A0e5C4F27eAD9083C756Cc2,1.2,0.05
2025-05-23T11:26:50.268Z,22545262,0xC02aaA39b223FE8D0A0e5C4F27eAD9083C756Cc2,1.2,0.05
2025-05-23T11:27:01.956Z,22545263,0xC02aaA39b223FE8D0A0e5C4F27eAD9083C756Cc2,1.2,0.05
2025-05-23T11:27:14.348Z,22545264,0xC02aaA39b223FE8D0A0e5C4F27eAD9083C756Cc2,1.2,0.05
2025-05-23T11:27:26.035Z,22545265,0xC02aaA39b223FE8D0A0e5C4F27eAD9083C756Cc2,1.2,0.05
2025-05-23T11:27:38.486Z,22545266,0xC02aaA39b223FE8D0A0e5C4F27eAD9083C756Cc2,1.2,0.05
2025-05-23T11:27:54.161Z,22545267,0xC02aaA39b223FE8D0A0e5C4F27eAD9083C756Cc2,1.2,0.05
2025-05-23T11:28:02.131Z,22545268,0xC02aaA39b223FE8D0A0e5C4F27eAD9083C756Cc2,1.2,0.05
2025-05-23T11:28:18.135Z,22545269,0xC02aaA39b223FE8D0A0e5C4F27eAD9083C756Cc2,1.2,0.05
2025-05-23T11:28:30.192Z,22545270,0xC02aaA39b223FE8D0A0e5C4F27eAD9083C756Cc2,1.2,0.05
2025-05-23T11:28:38.201Z,22545271,0xC02aaA39b223FE8D0A0e5C4F27eAD9083C756Cc2,1.2,0.05
2025-05-23T11:28:50.192Z,22545272,0xC02aaA39b223FE8D0A0e5C4F27eAD9083C756Cc2,1.2,0.05
2025-05-23T11:29:02.258Z,22545273,0xC02aaA39b223FE8D0A0e5C4F27eAD9083C756Cc2,1.2,0.05
2025-05-23T11:29:14.177Z,22545274,0xC02aaA39b223FE8D0A0e5C4F27eAD9083C756Cc2,1.2,0.05
2025-05-23T11:29:26.282Z,22545275,0xC02aaA39b223FE8D0A0e5C4F27eAD9083C756Cc2,1.2,0.05
2025-05-23T11:29:38.614Z,22545276,0xC02aaA39b223FE8D0A0e5C4F27eAD9083C756Cc2,1.2,0.05
2025-05-23T11:29:50.288Z,22545277,0xC02aaA39b223FE8D0A0e5C4F27eAD9083C756Cc2,1.2,0.05
2025-05-23T11:30:02.669Z,22545278,0xC02aaA39b223FE8D0A0e5C4F27eAD9083C756Cc2,1.2,0.05
2025-05-23T11:30:14.379Z,22545279,0xC02aaA39b223FE8D0A0e5C4F27eAD9083C756Cc2,1.2,0.05
2025-05-23T11:30:26.412Z,22545280,0xC02aaA39b223FE8D0A0e5C4F27eAD9083C756Cc2,1.2,0.05
2025-05-23T11:30:42.405Z,22545281,0xC02aaA39b223FE8D0A0e5C4F27eAD9083C756Cc2,1.2,0.05
2025-05-23T11:30:50.455Z,22545282,0xC02aaA39b223FE8D0A0e5C4F27eAD9083C756Cc2,1.2,0.05
2025-05-23T11:31:02.426Z,22545283,0xC02aaA39b223FE8D0A0e5C4F27eAD9083C756Cc2,1.2,0.05
2025-05-23T11:31:14.858Z,22545284,0xC02aaA39b223FE8D0A0e5C4F27eAD9083C756Cc2,1.2,0.05
2025-05-23T11:31:26.857Z,22545285,0xC02aaA39b223FE8D0A0e5C4F27eAD9083C756Cc2,1.2,0.05
2025-05-23T11:31:38.540Z,22545286,0xC02aaA39b223FE8D0A0e5C4F27eAD9083C756Cc2,1.2,0.05
2025-05-23T11:31:50.549Z,22545287,0xC02aaA39b223FE8D0A0e5C4F27eAD9083C756Cc2,1.2,0.05
2025-05-23T11:32:02.604Z,22545288,0xC02aaA39b223FE8D0A0e5C4F27eAD9083C756Cc2,1.2,0.05
2025-05-23T11:32:14.606Z,22545289,0xC02aaA39b223FE8D0A0e5C4F27eAD9083C756Cc2,1.2,0.05
2025-05-23T11:32:26.667Z,22545290,0xC02aaA39b223FE8D0A0e5C4F27eAD9083C756Cc2,1.2,0.05
2025-05-23T11:32:38.651Z,22545291,0xC02aaA39b223FE8D0A0e5C4F27eAD9083C756Cc2,1.2,0.05
2025-05-23T11:32:51.050Z,22545292,0xC02aaA39b223FE8D0A0e5C4F27eAD9083C756Cc2,1.2,0.05
2025-05-23T11:33:02.715Z,22545293,0xC02aaA39b223FE8D0A0e5C4F27eAD9083C756Cc2,1.2,0.05
2025-05-23T11:33:14.731Z,22545294,0xC02aaA39b223FE8D0A0e5C4F27eAD9083C756Cc2,1.2,0.05
2025-05-23T11:33:27.099Z,22545295,0xC02aaA39b223FE8D0A0e5C4F27eAD9083C756Cc2,1.2,0.05
2025-05-23T11:33:38.758Z,22545296,0xC02aaA39b223FE8D0A0e5C4F27eAD9083C756Cc2,1.2,0.05
2025-05-23T11:33:50.827Z,22545297,0xC02aaA39b223FE8D0A0e5C4F27eAD9083C756Cc2,1.2,0.05
2025-05-23T11:34:02.846Z,22545298,0xC02aaA39b223FE8D0A0e5C4F27eAD9083C756Cc2,1.2,0.05
2025-05-23T11:34:15.259Z,22545299,0xC02aaA39b223FE8D0A0e5C4F27eAD9083C756Cc2,1.2,0.05
2025-05-23T11:34:26.900Z,22545300,0xC02aaA39b223FE8D0A0e5C4F27eAD9083C756Cc2,1.2,0.05
2025-05-23T11:34:38.954Z,22545301,0xC02aaA39b223FE8D0A0e5C4F27eAD9083C756Cc2,1.2,0.05
2025-05-23T11:34:55.343Z,22545302,0xC02aaA39b223FE8D0A0e5C4F27eAD9083C756Cc2,1.2,0.05
2025-05-23T11:35:03.342Z,22545303,0xC02aaA39b223FE8D0A0e5C4F27eAD9083C756Cc2,1.2,0.05
2025-05-23T11:35:26.990Z,22545304,0xC02aaA39b223FE8D0A0e5C4F27eAD9083C756Cc2,1.2,0.05
2025-05-23T11:35:39.013Z,22545305,0xC02aaA39b223FE8D0A0e5C4F27eAD9083C756Cc2,1.2,0.05
2025-05-23T11:35:51.450Z,22545306,0xC02aaA39b223FE8D0A0e5C4F27eAD9083C756Cc2,1.2,0.05
2025-05-23T11:36:03.088Z,22545307,0xC02aaA39b223FE8D0A0e5C4F27eAD9083C756Cc2,1.2,0.05
2025-05-23T11:36:15.104Z,22545308,0xC02aaA39b223FE8D0A0e5C4F27eAD9083C756Cc2,1.2,0.05
2025-05-23T11:36:27.119Z,22545309,0xC02aaA39b223FE8D0A0e5C4F27eAD9083C756Cc2,1.2,0.05
2025-05-23T11:36:39.123Z,22545310,0xC02aaA39b223FE8D0A0e5C4F27eAD9083C756Cc2,1.2,0.05
2025-05-23T11:36:51.136Z,22545311,0xC02aaA39b223FE8D0A0e5C4F27eAD9083C756Cc2,1.2,0.05
2025-05-23T11:37:03.172Z,22545312,0xC02aaA39b223FE8D0A0e5C4F27eAD9083C756Cc2,1.2,0.05
2025-05-23T11:37:15.251Z,22545313,0xC02aaA39b223FE8D0A0e5C4F27eAD9083C756Cc2,1.2,0.05
2025-05-23T11:37:27.225Z,22545314,0xC02aaA39b223FE8D0A0e5C4F27eAD9083C756Cc2,1.2,0.05
2025-05-23T11:37:39.282Z,22545315,0xC02aaA39b223FE8D0A0e5C4F27eAD9083C756Cc2,1.2,0.05
2025-05-23T11:37:51.708Z,22545316,0xC02aaA39b223FE8D0A0e5C4F27eAD9083C756Cc2,1.2,0.05
2025-05-23T11:38:03.676Z,22545317,0xC02aaA39b223FE8D0A0e5C4F27eAD9083C756Cc2,1.2,0.05
2025-05-23T11:38:15.348Z,22545318,0xC02aaA39b223FE8D0A0e5C4F27eAD9083C756Cc2,1.2,0.05
2025-05-23T11:38:27.398Z,22545319,0xC02aaA39b223FE8D0A0e5C4F27eAD9083C756Cc2,1.2,0.05
2025-05-23T11:38:39.416Z,22545320,0xC02aaA39b223FE8D0A0e5C4F27eAD9083C756Cc2,1.2,0.05
2025-05-23T11:38:51.743Z,22545321,0xC02aaA39b223FE8D0A0e5C4F27eAD9083C756Cc2,1.2,0.05
2025-05-23T11:39:03.856Z,22545322,0xC02aaA39b223FE8D0A0e5C4F27eAD9083C756Cc2,1.2,0.05
2025-05-23T11:39:15.475Z,22545323,0xC02aaA39b223FE8D0A0e5C4F27eAD9083C756Cc2,1.2,0.05
2025-05-23T11:39:27.532Z,22545324,0xC02aaA39b223FE8D0A0e5C4F27eAD9083C756Cc2,1.2,0.05
2025-05-23T11:39:39.530Z,22545325,0xC02aaA39b223FE8D0A0e5C4F27eAD9083C756Cc2,1.2,0.05
2025-05-23T11:39:51.532Z,22545326,0xC02aaA39b223FE8D0A0e5C4F27eAD9083C756Cc2,1.2,0.05
2025-05-23T11:40:03.565Z,22545327,0xC02aaA39b223FE8D0A0e5C4F27eAD9083C756Cc2,1.2,0.05
2025-05-23T11:40:15.566Z,22545328,0xC02aaA39b223FE8D0A0e5C4F27eAD9083C756Cc2,1.2,0.05
2025-05-23T11:40:27.702Z,22545329,0xC02aaA39b223FE8D0A0e5C4F27eAD9083C756Cc2,1.2,0.05
2025-05-23T11:40:39.607Z,22545330,0xC02aaA39b223FE8D0A0e5C4F27eAD9083C756Cc2,1.2,0.05
2025-05-23T11:40:51.603Z,22545331,0xC02aaA39b223FE8D0A0e5C4F27eAD9083C756Cc2,1.2,0.05
2025-05-23T11:41:03.614Z,22545332,0xC02aaA39b223FE8D0A0e5C4F27eAD9083C756Cc2,1.2,0.05
2025-05-23T11:41:19.709Z,22545333,0xC02aaA39b223FE8D0A0e5C4F27eAD9083C756Cc2,1.2,0.05
2025-05-23T11:41:28.070Z,22545334,0xC02aaA39b223FE8D0A0e5C4F27eAD9083C756Cc2,1.2,0.05
2025-05-23T11:41:39.745Z,22545335,0xC02aaA39b223FE8D0A0e5C4F27eAD9083C756Cc2,1.2,0.05
2025-05-23T11:41:51.763Z,22545336,0xC02aaA39b223FE8D0A0e5C4F27eAD9083C756Cc2,1.2,0.05
2025-05-23T11:42:03.805Z,22545337,0xC02aaA39b223FE8D0A0e5C4F27eAD9083C756Cc2,1.2,0.05
2025-05-23T11:42:15.826Z,22545338,0xC02aaA39b223FE8D0A0e5C4F27eAD9083C756Cc2,1.2,0.05
2025-05-23T11:42:27.858Z,22545339,0xC02aaA39b223FE8D0A0e5C4F27eAD9083C756Cc2,1.2,0.05
2025-05-23T11:42:39.893Z,22545340,0xC02aaA39b223FE8D0A0e5C4F27eAD9083C756Cc2,1.2,0.05
2025-05-23T11:42:52.294Z,22545341,0xC02aaA39b223FE8D0A0e5C4F27eAD9083C756Cc2,1.2,0.05
2025-05-23T11:43:04.305Z,22545342,0xC02aaA39b223FE8D0A0e5C4F27eAD9083C756Cc2,1.2,0.05
2025-05-23T11:43:15.975Z,22545343,0xC02aaA39b223FE8D0A0e5C4F27eAD9083C756Cc2,1.2,0.05
2025-05-23T11:43:27.966Z,22545344,0xC02aaA39b223FE8D0A0e5C4F27eAD9083C756Cc2,1.2,0.05
2025-05-23T11:43:40.030Z,22545345,0xC02aaA39b223FE8D0A0e5C4F27eAD9083C756Cc2,1.2,0.05
2025-05-23T11:43:52.436Z,22545346,0xC02aaA39b223FE8D0A0e5C4F27eAD9083C756Cc2,1.2,0.05
2025-05-23T11:44:04.075Z,22545347,0xC02aaA39b223FE8D0A0e5C4F27eAD9083C756Cc2,1.2,0.05
2025-05-23T11:44:16.095Z,22545348,0xC02aaA39b223FE8D0A0e5C4F27eAD9083C756Cc2,1.2,0.05
2025-05-23T11:44:28.153Z,22545349,0xC02aaA39b223FE8D0A0e5C4F27eAD9083C756Cc2,1.2,0.05
2025-05-23T11:44:40.151Z,22545350,0xC02aaA39b223FE8D0A0e5C4F27eAD9083C756Cc2,1.2,0.05
2025-05-23T11:44:52.536Z,22545351,0xC02aaA39b223FE8D0A0e5C4F27eAD9083C756Cc2,1.2,0.05
2025-05-23T11:45:04.186Z,22545352,0xC02aaA39b223FE8D0A0e5C4F27eAD9083C756Cc2,1.2,0.05
2025-05-23T11:45:16.233Z,22545353,0xC02aaA39b223FE8D0A0e5C4F27eAD9083C756Cc2,1.2,0.05
2025-05-23T11:45:28.276Z,22545354,0xC02aaA39b223FE8D0A0e5C4F27eAD9083C756Cc2,1.2,0.05
2025-05-23T11:45:40.619Z,22545355,0xC02aaA39b223FE8D0A0e5C4F27eAD9083C756Cc2,1.2,0.05
2025-05-23T11:45:52.300Z,22545356,0xC02aaA39b223FE8D0A0e5C4F27eAD9083C756Cc2,1.2,0.05
2025-05-23T11:46:04.693Z,22545357,0xC02aaA39b223FE8D0A0e5C4F27eAD9083C756Cc2,1.2,0.05
2025-05-23T11:46:16.336Z,22545358,0xC02aaA39b223FE8D0A0e5C4F27eAD9083C756Cc2,1.2,0.05
2025-05-23T11:46:28.724Z,22545359,0xC02aaA39b223FE8D0A0e5C4F27eAD9083C756Cc2,1.2,0.05
2025-05-23T11:46:40.767Z,22545360,0xC02aaA39b223FE8D0A0e5C4F27eAD9083C756Cc2,1.2,0.05
2025-05-23T11:46:52.400Z,22545361,0xC02aaA39b223FE8D0A0e5C4F27eAD9083C756Cc2,1.2,0.05
2025-05-23T11:47:04.471Z,22545362,0xC02aaA39b223FE8D0A0e5C4F27eAD9083C756Cc2,1.2,0.05
2025-05-23T11:47:16.482Z,22545363,0xC02aaA39b223FE8D0A0e5C4F27eAD9083C756Cc2,1.2,0.05
2025-05-23T11:47:28.846Z,22545364,0xC02aaA39b223FE8D0A0e5C4F27eAD9083C756Cc2,1.2,0.05
2025-05-23T11:47:44.506Z,22545365,0xC02aaA39b223FE8D0A0e5C4F27eAD9083C756Cc2,1.2,0.05
2025-05-23T11:47:52.865Z,22545366,0xC02aaA39b223FE8D0A0e5C4F27eAD9083C756Cc2,1.2,0.05
2025-05-23T11:48:04.577Z,22545367,0xC02aaA39b223FE8D0A0e5C4F27eAD9083C756Cc2,1.2,0.05
2025-05-23T11:48:12.934Z,22545368,0xC02aaA39b223FE8D0A0e5C4F27eAD9083C756Cc2,1.2,0.05
2025-05-23T11:48:28.629Z,22545369,0xC02aaA39b223FE8D0A0e5C4F27eAD9083C756Cc2,1.2,0.05
2025-05-23T11:48:40.714Z,22545370,0xC02aaA39b223FE8D0A0e5C4F27eAD9083C756Cc2,1.2,0.05
2025-05-23T11:48:52.760Z,22545371,0xC02aaA39b223FE8D0A0e5C4F27eAD9083C756Cc2,1.2,0.05
2025-05-23T11:49:04.662Z,22545372,0xC02aaA39b223FE8D0A0e5C4F27eAD9083C756Cc2,1.2,0.05
2025-05-23T11:49:17.076Z,22545373,0xC02aaA39b223FE8D0A0e5C4F27eAD9083C756Cc2,1.2,0.05
2025-05-23T11:49:24.740Z,22545374,0xC02aaA39b223FE8D0A0e5C4F27eAD9083C756Cc2,1.2,0.05
2025-05-23T11:49:40.776Z,22545375,0xC02aaA39b223FE8D0A0e5C4F27eAD9083C756Cc2,1.2,0.05
2025-05-23T11:49:52.793Z,22545376,0xC02aaA39b223FE8D0A0e5C4F27eAD9083C756Cc2,1.2,0.05
2025-05-23T11:50:04.814Z,22545377,0xC02aaA39b223FE8D0A0e5C4F27eAD9083C756Cc2,1.2,0.05
2025-05-23T11:50:16.817Z,22545378,0xC02aaA39b223FE8D0A0e5C4F27eAD9083C756Cc2,1.2,0.05
2025-05-23T11:50:29.213Z,22545379,0xC02aaA39b223FE8D0A0e5C4F27eAD9083C756Cc2,1.2,0.05
2025-05-23T11:50:40.872Z,22545380,0xC02aaA39b223FE8D0A0e5C4F27eAD9083C756Cc2,1.2,0.05
2025-05-23T11:50:53.245Z,22545381,0xC02aaA39b223FE8D0A0e5C4F27eAD9083C756Cc2,1.2,0.05
2025-05-23T11:51:04.883Z,22545382,0xC02aaA39b223FE8D0A0e5C4F27eAD9083C756Cc2,1.2,0.05
2025-05-23T11:51:12.924Z,22545383,0xC02aaA39b223FE8D0A0e5C4F27eAD9083C756Cc2,1.2,0.05
2025-05-23T11:51:29.047Z,22545384,0xC02aaA39b223FE8D0A0e5C4F27eAD9083C756Cc2,1.2,0.05
2025-05-23T11:51:40.964Z,22545385,0xC02aaA39b223FE8D0A0e5C4F27eAD9083C756Cc2,1.2,0.05
2025-05-23T11:51:49.034Z,22545386,0xC02aaA39b223FE8D0A0e5C4F27eAD9083C756Cc2,1.2,0.05
2025-05-23T11:52:05.024Z,22545387,0xC02aaA39b223FE8D0A0e5C4F27eAD9083C756Cc2,1.2,0.05
2025-05-23T11:52:17.172Z,22545388,0xC02aaA39b223FE8D0A0e5C4F27eAD9083C756Cc2,1.2,0.05
2025-05-23T11:52:29.098Z,22545389,0xC02aaA39b223FE8D0A0e5C4F27eAD9083C756Cc2,1.2,0.05
2025-05-23T11:52:37.497Z,22545390,0xC02aaA39b223FE8D0A0e5C4F27eAD9083C756Cc2,1.2,0.05
2025-05-23T11:52:53.119Z,22545391,0xC02aaA39b223FE8D0A0e5C4F27eAD9083C756Cc2,1.2,0.05
2025-05-23T11:53:01.131Z,22545392,0xC02aaA39b223FE8D0A0e5C4F27eAD9083C756Cc2,1.2,0.05
2025-05-23T11:53:17.208Z,22545393,0xC02aaA39b223FE8D0A0e5C4F27eAD9083C756Cc2,1.2,0.05
2025-05-23T11:53:25.192Z,22545394,0xC02aaA39b223FE8D0A0e5C4F27eAD9083C756Cc2,1.2,0.05
2025-05-23T11:53:41.200Z,22545395,0xC02aaA39b223FE8D0A0e5C4F27eAD9083C756Cc2,1.2,0.05
2025-05-23T11:53:53.566Z,22545396,0xC02aaA39b223FE8D0A0e5C4F27eAD9083C756Cc2,1.2,0.05
2025-05-23T11:54:05.264Z,22545397,0xC02aaA39b223FE8D0A0e5C4F27eAD9083C756Cc2,1.2,0.05
2025-05-23T11:54:13.260Z,22545398,0xC02aaA39b223FE8D0A0e5C4F27eAD9083C756Cc2,1.2,0.05
2025-05-23T11:54:25.679Z,22545399,0xC02aaA39b223FE8D0A0e5C4F27eAD9083C756Cc2,1.2,0.05
2025-05-23T11:54:37.670Z,22545400,0xC02aaA39b223FE8D0A0e5C4F27eAD9083C756Cc2,1.2,0.05
2025-05-23T11:54:53.808Z,22545401,0xC02aaA39b223FE8D0A0e5C4F27eAD9083C756Cc2,1.2,0.05
2025-05-23T11:55:05.742Z,22545402,0xC02aaA39b223FE8D0A0e5C4F27eAD9083C756Cc2,1.2,0.05
2025-05-23T11:55:13.373Z,22545403,0xC02aaA39b223FE8D0A0e5C4F27eAD9083C756Cc2,1.2,0.05
2025-05-23T11:55:25.390Z,22545404,0xC02aaA39b223FE8D0A0e5C4F27eAD9083C756Cc2,1.2,0.05
2025-05-23T11:55:41.418Z,22545405,0xC02aaA39b223FE8D0A0e5C4F27eAD9083C756Cc2,1.2,0.05
2025-05-23T11:55:49.798Z,22545406,0xC02aaA39b223FE8D0A0e5C4F27eAD9083C756Cc2,1.2,0.05
2025-05-23T11:56:01.489Z,22545407,0xC02aaA39b223FE8D0A0e5C4F27eAD9083C756Cc2,1.2,0.05
2025-05-23T11:56:13.487Z,22545408,0xC02aaA39b223FE8D0A0e5C4F27eAD9083C756Cc2,1.2,0.05
2025-05-23T11:56:25.520Z,22545409,0xC02aaA39b223FE8D0A0e5C4F27eAD9083C756Cc2,1.2,0.05
2025-05-23T11:56:37.517Z,22545410,0xC02aaA39b223FE8D0A0e5C4F27eAD9083C756Cc2,1.2,0.05
2025-05-23T11:56:49.550Z,22545411,0xC02aaA39b223FE8D0A0e5C4F27eAD9083C756Cc2,1.2,0.05
2025-05-23T11:57:05.645Z,22545412,0xC02aaA39b223FE8D0A0e5C4F27eAD9083C756Cc2,1.2,0.05
2025-05-23T11:57:25.597Z,22545413,0xC02aaA39b223FE8D0A0e5C4F27eAD9083C756Cc2,1.2,0.05
2025-05-23T11:57:41.620Z,22545414,0xC02aaA39b223FE8D0A0e5C4F27eAD9083C756Cc2,1.2,0.05
2025-05-23T11:57:49.663Z,22545415,0xC02aaA39b223FE8D0A0e5C4F27eAD9083C756Cc2,1.2,0.05
2025-05-23T11:58:01.663Z,22545416,0xC02aaA39b223FE8D0A0e5C4F27eAD9083C756Cc2,1.2,0.05
2025-05-23T11:58:13.732Z,22545417,0xC02aaA39b223FE8D0A0e5C4F27eAD9083C756Cc2,1.2,0.05
2025-05-23T11:58:25.730Z,22545418,0xC02aaA39b223FE8D0A0e5C4F27eAD9083C756Cc2,1.2,0.05
2025-05-23T11:58:37.785Z,22545419,0xC02aaA39b223FE8D0A0e5C4F27eAD9083C756Cc2,1.2,0.05
2025-05-23T11:58:50.140Z,22545420,0xC02aaA39b223FE8D0A0e5C4F27eAD9083C756Cc2,1.2,0.05
2025-05-23T11:59:05.829Z,22545421,0xC02aaA39b223FE8D0A0e5C4F27eAD9083C756Cc2,1.2,0.05
2025-05-23T11:59:14.170Z,22545422,0xC02aaA39b223FE8D0A0e5C4F27eAD9083C756Cc2,1.2,0.05
2025-05-23T11:59:25.844Z,22545423,0xC02aaA39b223FE8D0A0e5C4F27eAD9083C756Cc2,1.2,0.05
2025-05-23T11:59:41.881Z,22545424,0xC02aaA39b223FE8D0A0e5C4F27eAD9083C756Cc2,1.2,0.05
2025-05-23T11:59:50.256Z,22545425,0xC02aaA39b223FE8D0A0e5C4F27eAD9083C756Cc2,1.2,0.05
2025-05-23T12:00:01.990Z,22545426,0xC02aaA39b223FE8D0A0e5C4F27eAD9083C756Cc2,1.2,0.05
2025-05-23T12:00:13.939Z,22545427,0xC02aaA39b223FE8D0A0e5C4F27eAD9083C756Cc2,1.2,0.05
2025-05-23T12:00:29.958Z,22545428,0xC02aaA39b223FE8D0A0e5C4F27eAD9083C756Cc2,1.2,0.05
2025-05-23T12:00:37.989Z,22545429,0xC02aaA39b223FE8D0A0e5C4F27eAD9083C756Cc2,1.2,0.05
2025-05-23T12:00:50.028Z,22545430,0xC02aaA39b223FE8D0A0e5C4F27eAD9083C756Cc2,1.2,0.05
2025-05-23T12:01:06.434Z,22545431,0xC02aaA39b223FE8D0A0e5C4F27eAD9083C756Cc2,1.2,0.05
2025-05-23T12:01:14.035Z,22545432,0xC02aaA39b223FE8D0A0e5C4F27eAD9083C756Cc2,1.2,0.05
2025-05-23T12:01:26.076Z,22545433,0xC02aaA39b223FE8D0A0e5C4F27eAD9083C756Cc2,1.2,0.05
2025-05-23T12:01:38.128Z,22545434,0xC02aaA39b223FE8D0A0e5C4F27eAD9083C756Cc2,1.2,0.05
2025-05-23T12:01:50.200Z,22545435,0xC02aaA39b223FE8D0A0e5C4F27eAD9083C756Cc2,1.2,0.05
2025-05-23T12:02:02.176Z,22545436,0xC02aaA39b223FE8D0A0e5C4F27eAD9083C756Cc2,1.2,0.05
2025-05-23T12:02:14.176Z,22545437,0xC02aaA39b223FE8D0A0e5C4F27eAD9083C756Cc2,1.2,0.05
2025-05-23T12:02:26.611Z,22545438,0xC02aaA39b223FE8D0A0e5C4F27eAD9083C756Cc2,1.2,0.05
2025-05-23T12:02:38.234Z,22545439,0xC02aaA39b223FE8D0A0e5C4F27eAD9083C756Cc2,1.2,0.05
2025-05-23T12:02:50.703Z,22545440,0xC02aaA39b223FE8D0A0e5C4F27eAD9083C756Cc2,1.2,0.05
2025-05-23T12:03:02.669Z,22545441,0xC02aaA39b223FE8D0A0e5C4F27eAD9083C756Cc2,1.2,0.05
2025-05-23T12:03:14.332Z,22545442,0xC02aaA39b223FE8D0A0e5C4F27eAD9083C756Cc2,1.2,0.05
2025-05-23T12:03:26.304Z,22545443,0xC02aaA39b223FE8D0A0e5C4F27eAD9083C756Cc2,1.2,0.05
2025-05-23T12:03:38.350Z,22545444,0xC02aaA39b223FE8D0A0e5C4F27eAD9083C756Cc2,1.2,0.05
2025-05-23T12:03:50.391Z,22545445,0xC02aaA39b223FE8D0A0e5C4F27eAD9083C756Cc2,1.2,0.05
2025-05-23T12:04:02.819Z,22545446,0xC02aaA39b223FE8D0A0e5C4F27eAD9083C756Cc2,1.2,0.05
2025-05-23T12:04:14.481Z,22545447,0xC02aaA39b223FE8D0A0e5C4F27eAD9083C756Cc2,1.2,0.05
2025-05-23T12:04:26.800Z,22545448,0xC02aaA39b223FE8D0A0e5C4F27eAD9083C756Cc2,1.2,0.05
2025-05-23T12:04:38.501Z,22545449,0xC02aaA39b223FE8D0A0e5C4F27eAD9083C756Cc2,1.2,0.05
2025-05-23T12:04:50.500Z,22545450,0xC02aaA39b223FE8D0A0e5C4F27eAD9083C756Cc2,1.2,0.05
2025-05-23T12:05:02.529Z,22545451,0xC02aaA39b223FE8D0A0e5C4F27eAD9083C756Cc2,1.2,0.05
2025-05-23T12:05:14.595Z,22545452,0xC02aaA39b223FE8D0A0e5C4F27eAD9083C756Cc2,1.2,0.05
2025-05-23T12:05:26.586Z,22545453,0xC02aaA39b223FE8D0A0e5C4F27eAD9083C756Cc2,1.2,0.05
2025-05-23T12:05:38.679Z,22545454,0xC02aaA39b223FE8D0A0e5C4F27eAD9083C756Cc2,1.2,0.05
2025-05-23T12:05:50.653Z,22545455,0xC02aaA39b223FE8D0A0e5C4F27eAD9083C756Cc2,1.2,0.05
2025-05-23T12:06:02.751Z,22545456,0xC02aaA39b223FE8D0A0e5C4F27eAD9083C756Cc2,1.2,0.05
2025-05-23T12:06:14.678Z,22545457,0xC02aaA39b223FE8D0A0e5C4F27eAD9083C756Cc2,1.2,0.05
2025-05-23T12:06:26.768Z,22545458,0xC02aaA39b223FE8D0A0e5C4F27eAD9083C756Cc2,1.2,0.05
2025-05-23T12:06:38.792Z,22545459,0xC02aaA39b223FE8D0A0e5C4F27eAD9083C756Cc2,1.2,0.05
2025-05-23T12:07:02.778Z,22545460,0xC02aaA39b223FE8D0A0e5C4F27eAD9083C756Cc2,1.2,0.05
2025-05-23T12:07:15.335Z,22545461,0xC02aaA39b223FE8D0A0e5C4F27eAD9083C756Cc2,1.2,0.05
2025-05-23T12:07:26.838Z,22545462,0xC02aaA39b223FE8D0A0e5C4F27eAD9083C756Cc2,1.2,0.05
2025-05-23T12:07:38.821Z,22545463,0xC02aaA39b223FE8D0A0e5C4F27eAD9083C756Cc2,1.2,0.05
2025-05-23T12:07:50.896Z,22545464,0xC02aaA39b223FE8D0A0e5C4F27eAD9083C756Cc2,1.2,0.05
2025-05-23T12:08:02.900Z,22545465,0xC02aaA39b223FE8D0A0e5C4F27eAD9083C756Cc2,1.2,0.05
2025-05-23T12:08:14.896Z,22545466,0xC02aaA39b223FE8D0A0e5C4F27eAD9083C756Cc2,1.2,0.05
2025-05-23T12:08:26.914Z,22545467,0xC02aaA39b223FE8D0A0e5C4F27eAD9083C756Cc2,1.2,0.05
2025-05-23T12:08:38.960Z,22545468,0xC02aaA39b223FE8D0A0e5C4F27eAD9083C756Cc2,1.2,0.05
2025-05-23T12:08:50.993Z,22545469,0xC02aaA39b223FE8D0A0e5C4F27eAD9083C756Cc2,1.2,0.05
2025-05-23T12:09:15.018Z,22545470,0xC02aaA39b223FE8D0A0e5C4F27eAD9083C756Cc2,1.2,0.05
2025-05-23T12:09:27.047Z,22545471,0xC02aaA39b223FE8D0A0e5C4F27eAD9083C756Cc2,1.2,0.05
2025-05-23T12:09:39.040Z,22545472,0xC02aaA39b223FE8D0A0e5C4F27eAD9083C756Cc2,1.2,0.05
2025-05-23T12:09:51.478Z,22545473,0xC02aaA39b223FE8D0A0e5C4F27eAD9083C756Cc2,1.2,0.05
2025-05-23T12:10:03.074Z,22545474,0xC02aaA39b223FE8D0A0e5C4F27eAD9083C756Cc2,1.2,0.05
2025-05-23T12:10:15.090Z,22545475,0xC02aaA39b223FE8D0A0e5C4F27eAD9083C756Cc2,1.2,0.05
2025-05-23T12:10:27.110Z,22545476,0xC02aaA39b223FE8D0A0e5C4F27eAD9083C756Cc2,1.2,0.05
2025-05-23T12:10:39.135Z,22545477,0xC02aaA39b223FE8D0A0e5C4F27eAD9083C756Cc2,1.2,0.05
2025-05-23T12:10:51.519Z,22545478,0xC02aaA39b223FE8D0A0e5C4F27eAD9083C756Cc2,1.2,0.05
2025-05-23T12:11:03.171Z,22545479,0xC02aaA39b223FE8D0A0e5C4F27eAD9083C756Cc2,1.2,0.05
2025-05-23T12:11:15.266Z,22545480,0xC02aaA39b223FE8D0A0e5C4F27eAD9083C756Cc2,1.2,0.05
2025-05-23T12:11:27.225Z,22545481,0xC02aaA39b223FE8D0A0e5C4F27eAD9083C756Cc2,1.2,0.05
2025-05-23T12:11:39.221Z,22545482,0xC02aaA39b223FE8D0A0e5C4F27eAD9083C756Cc2,1.2,0.05
2025-05-23T12:11:51.219Z,22545483,0xC02aaA39b223FE8D0A0e5C4F27eAD9083C756Cc2,1.2,0.05
2025-05-23T12:12:03.299Z,22545484,0xC02aaA39b223FE8D0A0e5C4F27eAD9083C756Cc2,1.2,0.05
2025-05-23T12:12:15.296Z,22545485,0xC02aaA39b223FE8D0A0e5C4F27eAD9083C756Cc2,1.2,0.05
2025-05-23T12:12:27.355Z,22545486,0xC02aaA39b223FE8D0A0e5C4F27eAD9083C756Cc2,1.2,0.05
2025-05-23T12:12:39.354Z,22545487,0xC02aaA39b223FE8D0A0e5C4F27eAD9083C756Cc2,1.2,0.05
2025-05-23T12:12:51.390Z,22545488,0xC02aaA39b223FE8D0A0e5C4F27eAD9083C756Cc2,1.2,0.05
2025-05-23T12:13:03.421Z,22545489,0xC02aaA39b223FE8D0A0e5C4F27eAD9083C756Cc2,1.2,0.05
2025-05-23T12:13:19.444Z,22545490,0xC02aaA39b223FE8D0A0e5C4F27eAD9083C756Cc2,1.2,0.05
2025-05-23T12:13:27.440Z,22545491,0xC02aaA39b223FE8D0A0e5C4F27eAD9083C756Cc2,1.2,0.05
2025-05-23T12:13:39.465Z,22545492,0xC02aaA39b223FE8D0A0e5C4F27eAD9083C756Cc2,1.2,0.05
2025-05-23T12:13:51.481Z,22545493,0xC02aaA39b223FE8D0A0e5C4F27eAD9083C756Cc2,1.2,0.05
2025-05-23T12:14:03.530Z,22545494,0xC02aaA39b223FE8D0A0e5C4F27eAD9083C756Cc2,1.2,0.05
2025-05-23T12:14:15.928Z,22545495,0xC02aaA39b223FE8D0A0e5C4F27eAD9083C756Cc2,1.2,0.05
2025-05-23T12:14:27.559Z,22545496,0xC02aaA39b223FE8D0A0e5C4F27eAD9083C756Cc2,1.2,0.05
2025-05-23T12:14:39.592Z,22545497,0xC02aaA39b223FE8D0A0e5C4F27eAD9083C756Cc2,1.2,0.05
2025-05-23T12:14:51.631Z,22545498,0xC02aaA39b223FE8D0A0e5C4F27eAD9083C756Cc2,1.2,0.05
2025-05-23T12:15:03.642Z,22545499,0xC02aaA39b223FE8D0A0e5C4F27eAD9083C756Cc2,1.2,0.05
2025-05-23T12:15:15.656Z,22545500,0xC02aaA39b223FE8D0A0e5C4F27eAD9083C756Cc2,1.2,0.05
2025-05-23T12:15:27.641Z,22545501,0xC02aaA39b223FE8D0A0e5C4F27eAD9083C756Cc2,1.2,0.05
2025-05-23T12:15:39.709Z,22545502,0xC02aaA39b223FE8D0A0e5C4F27eAD9083C756Cc2,1.2,0.05
2025-05-23T12:15:51.721Z,22545503,0xC02aaA39b223FE8D0A0e5C4F27eAD9083C756Cc2,1.2,0.05
2025-05-23T12:16:04.089Z,22545504,0xC02aaA39b223FE8D0A0e5C4F27eAD9083C756Cc2,1.2,0.05
2025-05-23T12:16:15.768Z,22545505,0xC02aaA39b223FE8D0A0e5C4F27eAD9083C756Cc2,1.2,0.05
2025-05-23T12:16:27.794Z,22545506,0xC02aaA39b223FE8D0A0e5C4F27eAD9083C756Cc2,1.2,0.05
2025-05-23T12:16:40.150Z,22545507,0xC02aaA39b223FE8D0A0e5C4F27eAD9083C756Cc2,1.2,0.05
2025-05-23T12:16:51.833Z,22545508,0xC02aaA39b223FE8D0A0e5C4F27eAD9083C756Cc2,1.2,0.05
2025-05-23T12:17:03.874Z,22545509,0xC02aaA39b223FE8D0A0e5C4F27eAD9083C756Cc2,1.2,0.05
2025-05-23T12:17:15.979Z,22545510,0xC02aaA39b223FE8D0A0e5C4F27eAD9083C756Cc2,1.2,0.05
2025-05-23T12:17:28.267Z,22545511,0xC02aaA39b223FE8D0A0e5C4F27eAD9083C756Cc2,1.2,0.05
2025-05-23T12:17:39.976Z,22545512,0xC02aaA39b223FE8D0A0e5C4F27eAD9083C756Cc2,1.2,0.05
2025-05-23T12:17:51.967Z,22545513,0xC02aaA39b223FE8D0A0e5C4F27eAD9083C756Cc2,1.2,0.05
2025-05-23T12:18:03.992Z,22545514,0xC02aaA39b223FE8D0A0e5C4F27eAD9083C756Cc2,1.2,0.05
2025-05-23T12:18:16.417Z,22545515,0xC02aaA39b223FE8D0A0e5C4F27eAD9083C756Cc2,1.2,0.05
2025-05-23T12:18:28.039Z,22545516,0xC02aaA39b223FE8D0A0e5C4F27eAD9083C756Cc2,1.2,0.05
2025-05-23T12:18:40.081Z,22545517,0xC02aaA39b223FE8D0A0e5C4F27eAD9083C756Cc2,1.2,0.05
2025-05-23T12:18:52.080Z,22545518,0xC02aaA39b223FE8D0A0e5C4F27eAD9083C756Cc2,1.2,0.05
2025-05-23T12:19:04.423Z,22545519,0xC02aaA39b223FE8D0A0e5C4F27eAD9083C756Cc2,1.2,0.05
2025-05-23T12:19:16.116Z,22545520,0xC02aaA39b223FE8D0A0e5C4F27eAD9083C756Cc2,1.2,0.05
2025-05-23T12:19:28.262Z,22545521,0xC02aaA39b223FE8D0A0e5C4F27eAD9083C756Cc2,1.2,0.05
2025-05-23T12:19:44.171Z,22545522,0xC02aaA39b223FE8D0A0e5C4F27eAD9083C756Cc2,1.2,0.05
2025-05-23T12:19:52.555Z,22545523,0xC02aaA39b223FE8D0A0e5C4F27eAD9083C756Cc2,1.2,0.05
2025-05-23T12:20:04.202Z,22545524,0xC02aaA39b223FE8D0A0e5C4F27eAD9083C756Cc2,1.2,0.05
2025-05-23T12:20:16.643Z,22545525,0xC02aaA39b223FE8D0A0e5C4F27eAD9083C756Cc2,1.2,0.05
2025-05-23T12:20:28.262Z,22545526,0xC02aaA39b223FE8D0A0e5C4F27eAD9083C756Cc2,1.2,0.05
2025-05-23T12:20:36.312Z,22545527,0xC02aaA39b223FE8D0A0e5C4F27eAD9083C756Cc2,1.2,0.05
2025-05-23T12:20:52.311Z,22545528,0xC02aaA39b223FE8D0A0e5C4F27eAD9083C756Cc2,1.2,0.05
2025-05-23T12:21:00.329Z,22545529,0xC02aaA39b223FE8D0A0e5C4F27eAD9083C756Cc2,1.2,0.05
2025-05-23T12:21:16.391Z,22545530,0xC02aaA39b223FE8D0A0e5C4F27eAD9083C756Cc2,1.2,0.05
2025-05-23T12:21:28.392Z,22545531,0xC02aaA39b223FE8D0A0e5C4F27eAD9083C756Cc2,1.2,0.05
2025-05-23T12:21:40.784Z,22545532,0xC02aaA39b223FE8D0A0e5C4F27eAD9083C756Cc2,1.2,0.05
2025-05-23T12:21:52.726Z,22545533,0xC02aaA39b223FE8D0A0e5C4F27eAD9083C756Cc2,1.2,0.05
2025-05-23T12:22:04.476Z,22545534,0xC02aaA39b223FE8D0A0e5C4F27eAD9083C756Cc2,1.2,0.05
2025-05-23T12:22:16.488Z,22545535,0xC02aaA39b223FE8D0A0e5C4F27eAD9083C756Cc2,1.2,0.05
2025-05-23T12:22:28.549Z,22545536,0xC02aaA39b223FE8D0A0e5C4F27eAD9083C756Cc2,1.2,0.05
2025-05-23T12:22:40.885Z,22545537,0xC02aaA39b223FE8D0A0e5C4F27eAD9083C756Cc2,1.2,0.05
2025-05-23T12:22:52.524Z,22545538,0xC02aaA39b223FE8D0A0e5C4F27eAD9083C756Cc2,1.2,0.05
2025-05-23T12:23:04.689Z,22545539,0xC02aaA39b223FE8D0A0e5C4F27eAD9083C756Cc2,1.2,0.05
2025-05-23T12:23:16.603Z,22545540,0xC02aaA39b223FE8D0A0e5C4F27eAD9083C756Cc2,1.2,0.05
2025-05-23T12:23:28.920Z,22545541,0xC02aaA39b223FE8D0A0e5C4F27eAD9083C756Cc2,1.2,0.05
2025-05-23T12:23:40.654Z,22545542,0xC02aaA39b223FE8D0A0e5C4F27eAD9083C756Cc2,1.2,0.05
2025-05-23T12:23:53.035Z,22545543,0xC02aaA39b223FE8D0A0e5C4F27eAD9083C756Cc2,1.2,0.05
2025-05-23T12:24:00.705Z,22545544,0xC02aaA39b223FE8D0A0e5C4F27eAD9083C756Cc2,1.2,0.05
2025-05-23T12:24:16.777Z,22545545,0xC02aaA39b223FE8D0A0e5C4F27eAD9083C756Cc2,1.2,0.05
2025-05-23T12:24:28.783Z,22545546,0xC02aaA39b223FE8D0A0e5C4F27eAD9083C756Cc2,1.2,0.05
2025-05-23T12:24:36.793Z,22545547,0xC02aaA39b223FE8D0A0e5C4F27eAD9083C756Cc2,1.2,0.05
2025-05-23T12:24:52.882Z,22545548,0xC02aaA39b223FE8D0A0e5C4F27eAD9083C756Cc2,1.2,0.05
2025-05-23T12:25:04.865Z,22545549,0xC02aaA39b223FE8D0A0e5C4F27eAD9083C756Cc2,1.2,0.05
2025-05-23T12:25:13.297Z,22545550,0xC02aaA39b223FE8D0A0e5C4F27eAD9083C756Cc2,1.2,0.05
2025-05-23T12:25:24.893Z,22545551,0xC02aaA39b223FE8D0A0e5C4F27eAD9083C756Cc2,1.2,0.05
2025-05-23T12:25:41.247Z,22545552,0xC02aaA39b223FE8D0A0e5C4F27eAD9083C756Cc2,1.2,0.05
2025-05-23T12:25:48.939Z,22545553,0xC02aaA39b223FE8D0A0e5C4F27eAD9083C756Cc2,1.2,0.05
2025-05-23T12:26:04.997Z,22545554,0xC02aaA39b223FE8D0A0e5C4F27eAD9083C756Cc2,1.2,0.05
2025-05-23T12:26:12.982Z,22545555,0xC02aaA39b223FE8D0A0e5C4F27eAD9083C756Cc2,1.2,0.05
2025-05-23T12:26:29.041Z,22545556,0xC02aaA39b223FE8D0A0e5C4F27eAD9083C756Cc2,1.2,0.05
2025-05-23T12:26:41.090Z,22545557,0xC02aaA39b223FE8D0A0e5C4F27eAD9083C756Cc2,1.2,0.05
2025-05-23T12:26:53.037Z,22545558,0xC02aaA39b223FE8D0A0e5C4F27eAD9083C756Cc2,1.2,0.05
2025-05-23T12:27:05.069Z,22545559,0xC02aaA39b223FE8D0A0e5C4F27eAD9083C756Cc2,1.2,0.05
2025-05-23T12:27:17.067Z,22545560,0xC02aaA39b223FE8D0A0e5C4F27eAD9083C756Cc2,1.2,0.05
2025-05-23T12:27:25.096Z,22545561,0xC02aaA39b223FE8D0A0e5C4F27eAD9083C756Cc2,1.2,0.05
2025-05-23T12:27:37.113Z,22545562,0xC02aaA39b223FE8D0A0e5C4F27eAD9083C756Cc2,1.2,0.05
2025-05-23T12:27:53.166Z,22545563,0xC02aaA39b223FE8D0A0e5C4F27eAD9083C756Cc2,1.2,0.05
2025-05-23T12:28:01.136Z,22545564,0xC02aaA39b223FE8D0A0e5C4F27eAD9083C756Cc2,1.2,0.05
2025-05-23T12:28:13.159Z,22545565,0xC02aaA39b223FE8D0A0e5C4F27eAD9083C756Cc2,1.2,0.05
2025-05-23T12:28:25.139Z,22545566,0xC02aaA39b223FE8D0A0e5C4F27eAD9083C756Cc2,1.2,0.05
2025-05-23T12:28:37.597Z,22545567,0xC02aaA39b223FE8D0A0e5C4F27eAD9083C756Cc2,1.2,0.05
2025-05-23T12:28:53.572Z,22545568,0xC02aaA39b223FE8D0A0e5C4F27eAD9083C756Cc2,1.2,0.05
2025-05-23T12:29:01.254Z,22545569,0xC02aaA39b223FE8D0A0e5C4F27eAD9083C756Cc2,1.2,0.05
2025-05-23T12:29:13.208Z,22545570,0xC02aaA39b223FE8D0A0e5C4F27eAD9083C756Cc2,1.2,0.05
2025-05-23T12:29:25.231Z,22545571,0xC02aaA39b223FE8D0A0e5C4F27eAD9083C756Cc2,1.2,0.05
2025-05-23T12:29:37.601Z,22545572,0xC02aaA39b223FE8D0A0e5C4F27eAD9083C756Cc2,1.2,0.05
2025-05-23T12:29:49.289Z,22545573,0xC02aaA39b223FE8D0A0e5C4F27eAD9083C756Cc2,1.2,0.05
2025-05-23T12:30:05.293Z,22545574,0xC02aaA39b223FE8D0A0e5C4F27eAD9083C756Cc2,1.2,0.05
2025-05-23T12:30:17.335Z,22545575,0xC02aaA39b223FE8D0A0e5C4F27eAD9083C756Cc2,1.2,0.05
2025-05-23T12:30:25.356Z,22545576,0xC02aaA39b223FE8D0A0e5C4F27eAD9083C756Cc2,1.2,0.05
2025-05-23T12:30:37.752Z,22545577,0xC02aaA39b223FE8D0A0e5C4F27eAD9083C756Cc2,1.2,0.05
2025-05-23T12:30:49.514Z,22545578,0xC02aaA39b223FE8D0A0e5C4F27eAD9083C756Cc2,1.2,0.05
2025-05-23T12:31:01.411Z,22545579,0xC02aaA39b223FE8D0A0e5C4F27eAD9083C756Cc2,1.2,0.05
2025-05-23T12:31:13.822Z,22545580,0xC02aaA39b223FE8D0A0e5C4F27eAD9083C756Cc2,1.2,0.05
2025-05-23T12:31:29.509Z,22545581,0xC02aaA39b223FE8D0A0e5C4F27eAD9083C756Cc2,1.2,0.05
2025-05-23T12:31:41.880Z,22545582,0xC02aaA39b223FE8D0A0e5C4F27eAD9083C756Cc2,1.2,0.05
2025-05-23T12:31:49.530Z,22545583,0xC02aaA39b223FE8D0A0e5C4F27eAD9083C756Cc2,1.2,0.05
2025-05-23T12:32:01.577Z,22545584,0xC02aaA39b223FE8D0A0e5C4F27eAD9083C756Cc2,1.2,0.05
2025-05-23T12:32:13.978Z,22545585,0xC02aaA39b223FE8D0A0e5C4F27eAD9083C756Cc2,1.2,0.05
2025-05-23T12:32:29.668Z,22545586,0xC02aaA39b223FE8D0A0e5C4F27eAD9083C756Cc2,1.2,0.05
2025-05-23T12:32:37.623Z,22545587,0xC02aaA39b223FE8D0A0e5C4F27eAD9083C756Cc2,1.2,0.05
2025-05-23T12:32:49.710Z,22545588,0xC02aaA39b223FE8D0A0e5C4F27eAD9083C756Cc2,1.2,0.05
2025-05-23T12:33:02.128Z,22545589,0xC02aaA39b223FE8D0A0e5C4F27eAD9083C756Cc2,1.2,0.05
2025-05-23T12:33:13.716Z,22545590,0xC02aaA39b223FE8D0A0e5C4F27eAD9083C756Cc2,1.2,0.05
2025-05-23T12:33:25.790Z,22545591,0xC02aaA39b223FE8D0A0e5C4F27eAD9083C756Cc2,1.2,0.05
2025-05-23T12:33:37.749Z,22545592,0xC02aaA39b223FE8D0A0e5C4F27eAD9083C756Cc2,1.2,0.05
2025-05-23T12:33:49.816Z,22545593,0xC02aaA39b223FE8D0A0e5C4F27eAD9083C756Cc2,1.2,0.05
2025-05-23T12:34:01.836Z,22545594,0xC02aaA39b223FE8D0A0e5C4F27eAD9083C756Cc2,1.2,0.05
2025-05-23T12:34:18.206Z,22545595,0xC02aaA39b223FE8D0A0e5C4F27eAD9083C756Cc2,1.2,0.05
2025-05-23T12:34:26.216Z,22545596,0xC02aaA39b223FE8D0A0e5C4F27eAD9083C756Cc2,1.2,0.05
2025-05-23T12:34:37.887Z,22545597,0xC02aaA39b223FE8D0A0e5C4F27eAD9083C756Cc2,1.2,0.05
2025-05-23T12:34:49.937Z,22545598,0xC02aaA39b223FE8D0A0e5C4F27eAD9083C756Cc2,1.2,0.05
2025-05-23T12:35:13.900Z,22545599,0xC02aaA39b223FE8D0A0e5C4F27eAD9083C756Cc2,1.2,0.05
2025-05-23T12:35:26.361Z,22545600,0xC02aaA39b223FE8D0A0e5C4F27eAD9083C756Cc2,1.2,0.05
2025-05-23T12:35:38.003Z,22545601,0xC02aaA39b223FE8D0A0e5C4F27eAD9083C756Cc2,1.2,0.05
2025-05-23T12:35:49.978Z,22545602,0xC02aaA39b223FE8D0A0e5C4F27eAD9083C756Cc2,1.2,0.05
2025-05-23T12:36:02.034Z,22545603,0xC02aaA39b223FE8D0A0e5C4F27eAD9083C756Cc2,1.2,0.05
2025-05-23T12:36:14.053Z,22545604,0xC02aaA39b223FE8D0A0e5C4F27eAD9083C756Cc2,1.2,0.05
2025-05-23T12:36:26.081Z,22545605,0xC02aaA39b223FE8D0A0e5C4F27eAD9083C756Cc2,1.2,0.05
2025-05-23T12:36:38.076Z,22545606,0xC02aaA39b223FE8D0A0e5C4F27eAD9083C756Cc2,1.2,0.05
2025-05-23T12:36:50.143Z,22545607,0xC02aaA39b223FE8D0A0e5C4F27eAD9083C756Cc2,1.2,0.05
2025-05-23T12:37:02.189Z,22545608,0xC02aaA39b223FE8D0A0e5C4F27eAD9083C756Cc2,1.2,0.05
2025-05-23T12:37:14.190Z,22545609,0xC02aaA39b223FE8D0A0e5C4F27eAD9083C756Cc2,1.2,0.05
2025-05-23T12:37:26.185Z,22545610,0xC02aaA39b223FE8D0A0e5C4F27eAD9083C756Cc2,1.2,0.05
2025-05-23T12:37:38.309Z,22545611,0xC02aaA39b223FE8D0A0e5C4F27eAD9083C756Cc2,1.2,0.05
2025-05-23T12:37:50.233Z,22545612,0xC02aaA39b223FE8D0A0e5C4F27eAD9083C756Cc2,1.2,0.05
2025-05-23T12:38:02.264Z,22545613,0xC02aaA39b223FE8D0A0e5C4F27eAD9083C756Cc2,1.2,0.05
2025-05-23T12:38:18.261Z,22545614,0xC02aaA39b223FE8D0A0e5C4F27eAD9083C756Cc2,1.2,0.05
2025-05-23T12:38:26.285Z,22545615,0xC02aaA39b223FE8D0A0e5C4F27eAD9083C756Cc2,1.2,0.05
2025-05-23T12:38:38.315Z,22545616,0xC02aaA39b223FE8D0A0e5C4F27eAD9083C756Cc2,1.2,0.05
2025-05-23T12:38:54.348Z,22545617,0xC02aaA39b223FE8D0A0e5C4F27eAD9083C756Cc2,1.2,0.05
2025-05-23T12:39:02.362Z,22545618,0xC02aaA39b223FE8D0A0e5C4F27eAD9083C756Cc2,1.2,0.05
2025-05-23T12:39:14.388Z,22545619,0xC02aaA39b223FE8D0A0e5C4F27eAD9083C756Cc2,1.2,0.05
2025-05-23T12:39:26.412Z,22545620,0xC02aaA39b223FE8D0A0e5C4F27eAD9083C756Cc2,1.2,0.05
2025-05-23T12:39:38.432Z,22545621,0xC02aaA39b223FE8D0A0e5C4F27eAD9083C756Cc2,1.2,0.05
2025-05-23T12:39:50.442Z,22545622,0xC02aaA39b223FE8D0A0e5C4F27eAD9083C756Cc2,1.2,0.05
2025-05-23T12:40:02.485Z,22545623,0xC02aaA39b223FE8D0A0e5C4F27eAD9083C756Cc2,1.2,0.05
2025-05-23T12:40:14.507Z,22545624,0xC02aaA39b223FE8D0A0e5C4F27eAD9083C756Cc2,1.2,0.05
2025-05-23T12:40:26.921Z,22545625,0xC02aaA39b223FE8D0A0e5C4F27eAD9083C756Cc2,1.2,0.05
2025-05-23T12:40:38.543Z,22545626,0xC02aaA39b223FE8D0A0e5C4F27eAD9083C756Cc2,1.2,0.05
2025-05-23T12:40:50.613Z,22545627,0xC02aaA39b223FE8D0A0e5C4F27eAD9083C756Cc2,1.2,0.05
2025-05-23T12:41:02.905Z,22545628,0xC02aaA39b223FE8D0A0e5C4F27eAD9083C756Cc2,1.2,0.05
2025-05-23T12:41:14.646Z,22545629,0xC02aaA39b223FE8D0A0e5C4F27eAD9083C756Cc2,1.2,0.05
2025-05-23T12:41:27.059Z,22545630,0xC02aaA39b223FE8D0A0e5C4F27eAD9083C756Cc2,1.2,0.05
2025-05-23T12:41:39.091Z,22545631,0xC02aaA39b223FE8D0A0e5C4F27eAD9083C756Cc2,1.2,0.05
2025-05-23T12:41:50.717Z,22545632,0xC02aaA39b223FE8D0A0e5C4F27eAD9083C756Cc2,1.2,0.05
2025-05-23T12:42:02.787Z,22545633,0xC02aaA39b223FE8D0A0e5C4F27eAD9083C756Cc2,1.2,0.05
2025-05-23T12:42:14.773Z,22545634,0xC02aaA39b223FE8D0A0e5C4F27eAD9083C756Cc2,1.2,0.05
2025-05-23T12:42:26.855Z,22545635,0xC02aaA39b223FE8D0A0e5C4F27eAD9083C756Cc2,1.2,0.05
2025-05-23T12:42:39.214Z,22545636,0xC02aaA39b223FE8D0A0e5C4F27eAD9083C756Cc2,1.2,0.05
2025-05-23T12:42:50.844Z,22545637,0xC02aaA39b223FE8D0A0e5C4F27eAD9083C756Cc2,1.2,0.05
2025-05-23T12:43:02.930Z,22545638,0xC02aaA39b223FE8D0A0e5C4F27eAD9083C756Cc2,1.2,0.05
2025-05-23T12:43:14.890Z,22545639,0xC02aaA39b223FE8D0A0e5C4F27eAD9083C756Cc2,1.2,0.05
2025-05-23T12:43:27.313Z,22545640,0xC02aaA39b223FE8D0A0e5C4F27eAD9083C756Cc2,1.2,0.05
2025-05-23T12:43:38.967Z,22545641,0xC02aaA39b223FE8D0A0e5C4F27eAD9083C756Cc2,1.2,0.05
2025-05-23T12:43:50.944Z,22545642,0xC02aaA39b223FE8D0A0e5C4F27eAD9083C756Cc2,1.2,0.05
2025-05-23T12:44:02.998Z,22545643,0xC02aaA39b223FE8D0A0e5C4F27eAD9083C756Cc2,1.2,0.05
2025-05-23T12:44:15.035Z,22545644,0xC02aaA39b223FE8D0A0e5C4F27eAD9083C756Cc2,1.2,0.05
2025-05-23T12:44:27.085Z,22545645,0xC02aaA39b223FE8D0A0e5C4F27eAD9083C756Cc2,1.2,0.05
2025-05-23T12:44:39.121Z,22545646,0xC02aaA39b223FE8D0A0e5C4F27eAD9083C756Cc2,1.2,0.05
2025-05-23T12:44:51.114Z,22545647,0xC02aaA39b223FE8D0A0e5C4F27eAD9083C756Cc2,1.2,0.05
2025-05-23T12:45:03.527Z,22545648,0xC02aaA39b223FE8D0A0e5C4F27eAD9083C756Cc2,1.2,0.05
2025-05-23T12:45:19.184Z,22545649,0xC02aaA39b223FE8D0A0e5C4F27eAD9083C756Cc2,1.2,0.05
2025-05-23T12:45:27.620Z,22545650,0xC02aaA39b223FE8D0A0e5C4F27eAD9083C756Cc2,1.2,0.05
2025-05-23T12:45:39.221Z,22545651,0xC02aaA39b223FE8D0A0e5C4F27eAD9083C756Cc2,1.2,0.05
2025-05-23T12:45:51.228Z,22545652,0xC02aaA39b223FE8D0A0e5C4F27eAD9083C756Cc2,1.2,0.05
2025-05-23T12:46:03.339Z,22545653,0xC02aaA39b223FE8D0A0e5C4F27eAD9083C756Cc2,1.2,0.05
2025-05-23T12:46:15.314Z,22545654,0xC02aaA39b223FE8D0A0e5C4F27eAD9083C756Cc2,1.2,0.05
2025-05-23T12:46:27.293Z,22545655,0xC02aaA39b223FE8D0A0e5C4F27eAD9083C756Cc2,1.2,0.05
2025-05-23T12:46:39.649Z,22545656,0xC02aaA39b223FE8D0A0e5C4F27eAD9083C756Cc2,1.2,0.05
2025-05-23T12:46:51.351Z,22545657,0xC02aaA39b223FE8D0A0e5C4F27eAD9083C756Cc2,1.2,0.05
2025-05-23T12:47:03.387Z,22545658,0xC02aaA39b223FE8D0A0e5C4F27eAD9083C756Cc2,1.2,0.05
2025-05-23T12:47:15.404Z,22545659,0xC02aaA39b223FE8D0A0e5C4F27eAD9083C756Cc2,1.2,0.05
2025-05-23T12:47:27.443Z,22545660,0xC02aaA39b223FE8D0A0e5C4F27eAD9083C756Cc2,1.2,0.05
2025-05-23T12:47:39.432Z,22545661,0xC02aaA39b223FE8D0A0e5C4F27eAD9083C756Cc2,1.2,0.05
2025-05-23T12:47:51.443Z,22545662,0xC02aaA39b223FE8D0A0e5C4F27eAD9083C756Cc2,1.2,0.05
2025-05-23T12:48:03.461Z,22545663,0xC02aaA39b223FE8D0A0e5C4F27eAD9083C756Cc2,1.2,0.05
2025-05-23T12:48:15.473Z,22545664,0xC02aaA39b223FE8D0A0e5C4F27eAD9083C756Cc2,1.2,0.05
2025-05-23T12:48:27.475Z,22545665,0xC02aaA39b223FE8D0A0e5C4F27eAD9083C756Cc2,1.2,0.05
2025-05-23T12:48:39.501Z,22545666,0xC02aaA39b223FE8D0A0e5C4F27eAD9083C756Cc2,1.2,0.05
2025-05-23T12:48:51.546Z,22545667,0xC02aaA39b223FE8D0A0e5C4F27eAD9083C756Cc2,1.2,0.05
2025-05-23T12:49:03.565Z,22545668,0xC02aaA39b223FE8D0A0e5C4F27eAD9083C756Cc2,1.2,0.05
2025-05-23T12:49:15.590Z,22545669,0xC02aaA39b223FE8D0A0e5C4F27eAD9083C756Cc2,1.2,0.05
2025-05-23T12:49:27.981Z,22545670,0xC02aaA39b223FE8D0A0e5C4F27eAD9083C756Cc2,1.2,0.05
2025-05-23T12:49:39.628Z,22545671,0xC02aaA39b223FE8D0A0e5C4F27eAD9083C756Cc2,1.2,0.05
2025-05-23T12:49:51.659Z,22545672,0xC02aaA39b223FE8D0A0e5C4F27eAD9083C756Cc2,1.2,0.05
2025-05-23T12:50:04.070Z,22545673,0xC02aaA39b223FE8D0A0e5C4F27eAD9083C756Cc2,1.2,0.05
2025-05-23T12:50:15.679Z,22545674,0xC02aaA39b223FE8D0A0e5C4F27eAD9083C756Cc2,1.2,0.05
2025-05-23T12:50:27.728Z,22545675,0xC02aaA39b223FE8D0A0e5C4F27eAD9083C756Cc2,1.2,0.05
2025-05-23T12:50:39.820Z,22545676,0xC02aaA39b223FE8D0A0e5C4F27eAD9083C756Cc2,1.2,0.05
2025-05-23T12:50:51.782Z,22545677,0xC02aaA39b223FE8D0A0e5C4F27eAD9083C756Cc2,1.2,0.05
2025-05-23T12:51:03.781Z,22545678,0xC02aaA39b223FE8D0A0e5C4F27eAD9083C756Cc2,1.2,0.05
2025-05-23T12:51:15.796Z,22545679,0xC02aaA39b223FE8D0A0e5C4F27eAD9083C756Cc2,1.2,0.05
2025-05-23T12:51:27.840Z,22545680,0xC02aaA39b223FE8D0A0e5C4F27eAD9083C756Cc2,1.2,0.05
2025-05-23T12:51:43.836Z,22545681,0xC02aaA39b223FE8D0A0e5C4F27eAD9083C756Cc2,1.2,0.05
2025-05-23T12:51:52.211Z,22545682,0xC02aaA39b223FE8D0A0e5C4F27eAD9083C756Cc2,1.2,0.05
2025-05-23T12:52:03.910Z,22545683,0xC02aaA39b223FE8D0A0e5C4F27eAD9083C756Cc2,1.2,0.05
2025-05-23T12:52:15.992Z,22545684,0xC02aaA39b223FE8D0A0e5C4F27eAD9083C756Cc2,1.2,0.05
2025-05-23T12:52:27.944Z,22545685,0xC02aaA39b223FE8D0A0e5C4F27eAD9083C756Cc2,1.2,0.05
2025-05-23T12:52:39.949Z,22545686,0xC02aaA39b223FE8D0A0e5C4F27eAD9083C756Cc2,1.2,0.05
2025-05-23T12:52:51.995Z,22545687,0xC02aaA39b223FE8D0A0e5C4F27eAD9083C756Cc2,1.2,0.05
2025-05-23T12:53:04.343Z,22545688,0xC02aaA39b223FE8D0A0e5C4F27eAD9083C756Cc2,1.2,0.05
2025-05-23T12:53:16.054Z,22545689,0xC02aaA39b223FE8D0A0e5C4F27eAD9083C756Cc2,1.2,0.05
2025-05-23T12:53:28.054Z,22545690,0xC02aaA39b223FE8D0A0e5C4F27eAD9083C756Cc2,1.2,0.05
2025-05-23T12:53:40.124Z,22545691,0xC02aaA39b223FE8D0A0e5C4F27eAD9083C756Cc2,1.2,0.05
2025-05-23T12:53:52.138Z,22545692,0xC02aaA39b223FE8D0A0e5C4F27eAD9083C756Cc2,1.2,0.05
2025-05-23T12:54:04.135Z,22545693,0xC02aaA39b223FE8D0A0e5C4F27eAD9083C756Cc2,1.2,0.05
2025-05-23T12:54:16.149Z,22545694,0xC02aaA39b223FE8D0A0e5C4F27eAD9083C756Cc2,1.2,0.05
2025-05-23T12:54:28.185Z,22545695,0xC02aaA39b223FE8D0A0e5C4F27eAD9083C756Cc2,1.2,0.05
2025-05-23T12:54:40.177Z,22545696,0xC02aaA39b223FE8D0A0e5C4F27eAD9083C756Cc2,1.2,0.05
2025-05-23T12:54:52.210Z,22545697,0xC02aaA39b223FE8D0A0e5C4F27eAD9083C756Cc2,1.2,0.05
2025-05-23T12:55:04.255Z,22545698,0xC02aaA39b223FE8D0A0e5C4F27eAD9083C756Cc2,1.2,0.05
2025-05-23T12:55:16.628Z,22545699,0xC02aaA39b223FE8D0A0e5C4F27eAD9083C756Cc2,1.2,0.05
2025-05-23T12:55:28.288Z,22545700,0xC02aaA39b223FE8D0A0e5C4F27eAD9083C756Cc2,1.2,0.05
2025-05-23T12:55:40.323Z,22545701,0xC02aaA39b223FE8D0A0e5C4F27eAD9083C756Cc2,1.2,0.05
2025-05-23T12:55:52.378Z,22545702,0xC02aaA39b223FE8D0A0e5C4F27eAD9083C756Cc2,1.2,0.05
2025-05-23T12:56:04.391Z,22545703,0xC02aaA39b223FE8D0A0e5C4F27eAD9083C756Cc2,1.2,0.05
2025-05-23T12:56:16.378Z,22545704,0xC02aaA39b223FE8D0A0e5C4F27eAD9083C756Cc2,1.2,0.05
2025-05-23T12:56:28.442Z,22545705,0xC02aaA39b223FE8D0A0e5C4F27eAD9083C756Cc2,1.2,0.05
2025-05-23T12:56:36.453Z,22545706,0xC02aaA39b223FE8D0A0e5C4F27eAD9083C756Cc2,1.2,0.05
2025-05-23T12:56:52.846Z,22545707,0xC02aaA39b223FE8D0A0e5C4F27eAD9083C756Cc2,1.2,0.05
2025-05-23T12:57:04.552Z,22545708,0xC02aaA39b223FE8D0A0e5C4F27eAD9083C756Cc2,1.2,0.05
2025-05-23T12:57:16.532Z,22545709,0xC02aaA39b223FE8D0A0e5C4F27eAD9083C756Cc2,1.2,0.05
2025-05-23T12:57:28.570Z,22545710,0xC02aaA39b223FE8D0A0e5C4F27eAD9083C756Cc2,1.2,0.05
2025-05-23T12:57:40.595Z,22545711,0xC02aaA39b223FE8D0A0e5C4F27eAD9083C756Cc2,1.2,0.05
2025-05-23T12:57:52.609Z,22545712,0xC02aaA39b223FE8D0A0e5C4F27eAD9083C756Cc2,1.2,0.05
2025-05-23T12:58:09.002Z,22545713,0xC02aaA39b223FE8D0A0e5C4F27eAD9083C756Cc2,1.2,0.05
2025-05-23T12:58:16.625Z,22545714,0xC02aaA39b223FE8D0A0e5C4F27eAD9083C756Cc2,1.2,0.05
2025-05-23T12:58:28.715Z,22545715,0xC02aaA39b223FE8D0A0e5C4F27eAD9083C756Cc2,1.2,0.05
2025-05-23T12:58:40.732Z,22545716,0xC02aaA39b223FE8D0A0e5C4F27eAD9083C756Cc2,1.2,0.05
2025-05-23T12:58:52.721Z,22545717,0xC02aaA39b223FE8D0A0e5C4F27eAD9083C756Cc2,1.2,0.05
2025-05-23T12:59:04.799Z,22545718,0xC02aaA39b223FE8D0A0e5C4F27eAD9083C756Cc2,1.2,0.05
2025-05-23T12:59:12.847Z,22545719,0xC02aaA39b223FE8D0A0e5C4F27eAD9083C756Cc2,1.2,0.05
2025-05-23T12:59:25.169Z,22545720,0xC02aaA39b223FE8D0A0e5C4F27eAD9083C756Cc2,1.2,0.05
2025-05-23T12:59:40.836Z,22545721,0xC02aaA39b223FE8D0A0e5C4F27eAD9083C756Cc2,1.2,0.05
2025-05-23T12:59:48.841Z,22545722,0xC02aaA39b223FE8D0A0e5C4F27eAD9083C756Cc2,1.2,0.05
2025-05-23T13:00:00.900Z,22545723,0xC02aaA39b223FE8D0A0e5C4F27eAD9083C756Cc2,1.2,0.05
2025-05-23T13:00:12.941Z,22545724,0xC02aaA39b223FE8D0A0e5C4F27eAD9083C756Cc2,1.2,0.05
2025-05-23T13:00:29.284Z,22545725,0xC02aaA39b223FE8D0A0e5C4F27eAD9083C756Cc2,1.2,0.05
2025-05-23T13:00:36.949Z,22545726,0xC02aaA39b223FE8D0A0e5C4F27eAD9083C756Cc2,1.2,0.05
2025-05-23T13:00:53.296Z,22545727,0xC02aaA39b223FE8D0A0e5C4F27eAD9083C756Cc2,1.2,0.05
2025-05-23T13:01:04.985Z,22545728,0xC02aaA39b223FE8D0A0e5C4F27eAD9083C756Cc2,1.2,0.05
2025-05-23T13:01:17.010Z,22545729,0xC02aaA39b223FE8D0A0e5C4F27eAD9083C756Cc2,1.2,0.05
2025-05-23T13:01:29.411Z,22545730,0xC02aaA39b223FE8D0A0e5C4F27eAD9083C756Cc2,1.2,0.05
2025-05-23T13:01:41.072Z,22545731,0xC02aaA39b223FE8D0A0e5C4F27eAD9083C756Cc2,1.2,0.05
2025-05-23T13:01:53.083Z,22545732,0xC02aaA39b223FE8D0A0e5C4F27eAD9083C756Cc2,1.2,0.05
2025-05-23T13:02:01.109Z,22545733,0xC02aaA39b223FE8D0A0e5C4F27eAD9083C756Cc2,1.2,0.05
2025-05-23T13:02:13.506Z,22545734,0xC02aaA39b223FE8D0A0e5C4F27eAD9083C756Cc2,1.2,0.05
2025-05-23T13:02:25.143Z,22545735,0xC02aaA39b223FE8D0A0e5C4F27eAD9083C756Cc2,1.2,0.05
2025-05-23T13:02:37.165Z,22545736,0xC02aaA39b223FE8D0A0e5C4F27eAD9083C756Cc2,1.2,0.05
2025-05-23T13:02:49.199Z,22545737,0xC02aaA39b223FE8D0A0e5C4F27eAD9083C756Cc2,1.2,0.05
2025-05-23T13:03:05.643Z,22545738,0xC02aaA39b223FE8D0A0e5C4F27eAD9083C756Cc2,1.2,0.05
2025-05-23T13:03:13.259Z,22545739,0xC02aaA39b223FE8D0A0e5C4F27eAD9083C756Cc2,1.2,0.05
2025-05-23T13:03:25.255Z,22545740,0xC02aaA39b223FE8D0A0e5C4F27eAD9083C756Cc2,1.2,0.05
2025-05-23T13:03:37.308Z,22545741,0xC02aaA39b223FE8D0A0e5C4F27eAD9083C756Cc2,1.2,0.05
2025-05-23T13:03:49.336Z,22545742,0xC02aaA39b223FE8D0A0e5C4F27eAD9083C756Cc2,1.2,0.05
2025-05-23T13:04:01.343Z,22545743,0xC02aaA39b223FE8D0A0e5C4F27eAD9083C756Cc2,1.2,0.05
2025-05-23T13:04:37.368Z,22545745,0xC02aaA39b223FE8D0A0e5C4F27eAD9083C756Cc2,1.2,0.05
2025-05-23T13:04:37.374Z,22545744,0xC02aaA39b223FE8D0A0e5C4F27eAD9083C756Cc2,1.2,0.05
2025-05-23T13:04:49.405Z,22545746,0xC02aaA39b223FE8D0A0e5C4F27eAD9083C756Cc2,1.2,0.05
2025-05-23T13:05:01.424Z,22545747,0xC02aaA39b223FE8D0A0e5C4F27eAD9083C756Cc2,1.2,0.05
2025-05-23T13:05:13.445Z,22545748,0xC02aaA39b223FE8D0A0e5C4F27eAD9083C756Cc2,1.2,0.05
2025-05-23T13:05:25.488Z,22545749,0xC02aaA39b223FE8D0A0e5C4F27eAD9083C756Cc2,1.2,0.05
2025-05-23T13:05:37.488Z,22545750,0xC02aaA39b223FE8D0A0e5C4F27eAD9083C756Cc2,1.2,0.05
2025-05-23T13:05:49.522Z,22545751,0xC02aaA39b223FE8D0A0e5C4F27eAD9083C756Cc2,1.2,0.05
2025-05-23T13:06:01.553Z,22545752,0xC02aaA39b223FE8D0A0e5C4F27eAD9083C756Cc2,1.2,0.05
2025-05-23T13:06:13.935Z,22545753,0xC02aaA39b223FE8D0A0e5C4F27eAD9083C756Cc2,1.2,0.05
2025-05-23T13:06:25.643Z,22545754,0xC02aaA39b223FE8D0A0e5C4F27eAD9083C756Cc2,1.2,0.05
2025-05-23T13:06:41.691Z,22545755,0xC02aaA39b223FE8D0A0e5C4F27eAD9083C756Cc2,1.2,0.05
2025-05-23T13:06:50.018Z,22545756,0xC02aaA39b223FE8D0A0e5C4F27eAD9083C756Cc2,1.2,0.05
2025-05-23T13:07:05.695Z,22545757,0xC02aaA39b223FE8D0A0e5C4F27eAD9083C756Cc2,1.2,0.05
2025-05-23T13:07:13.702Z,22545758,0xC02aaA39b223FE8D0A0e5C4F27eAD9083C756Cc2,1.2,0.05
2025-05-23T13:07:25.788Z,22545759,0xC02aaA39b223FE8D0A0e5C4F27eAD9083C756Cc2,1.2,0.05
2025-05-23T13:07:37.788Z,22545760,0xC02aaA39b223FE8D0A0e5C4F27eAD9083C756Cc2,1.2,0.05
2025-05-23T13:07:49.840Z,22545761,0xC02aaA39b223FE8D0A0e5C4F27eAD9083C756Cc2,1.2,0.05
2025-05-23T13:08:01.874Z,22545762,0xC02aaA39b223FE8D0A0e5C4F27eAD9083C756Cc2,1.2,0.05
2025-05-23T13:08:13.855Z,22545763,0xC02aaA39b223FE8D0A0e5C4F27eAD9083C756Cc2,1.2,0.05
2025-05-23T13:08:26.284Z,22545764,0xC02aaA39b223FE8D0A0e5C4F27eAD9083C756Cc2,1.2,0.05
2025-05-23T13:08:37.935Z,22545765,0xC02aaA39b223FE8D0A0e5C4F27eAD9083C756Cc2,1.2,0.05
2025-05-23T13:08:50.300Z,22545766,0xC02aaA39b223FE8D0A0e5C4F27eAD9083C756Cc2,1.2,0.05
2025-05-23T13:09:01.934Z,22545767,0xC02aaA39b223FE8D0A0e5C4F27eAD9083C756Cc2,1.2,0.05
2025-05-23T13:09:13.929Z,22545768,0xC02aaA39b223FE8D0A0e5C4F27eAD9083C756Cc2,1.2,0.05
2025-05-23T13:09:25.947Z,22545769,0xC02aaA39b223FE8D0A0e5C4F27eAD9083C756Cc2,1.2,0.05
2025-05-23T13:09:41.977Z,22545770,0xC02aaA39b223FE8D0A0e5C4F27eAD9083C756Cc2,1.2,0.05
2025-05-23T13:09:50.005Z,22545771,0xC02aaA39b223FE8D0A0e5C4F27eAD9083C756Cc2,1.2,0.05
2025-05-23T13:10:02.046Z,22545772,0xC02aaA39b223FE8D0A0e5C4F27eAD9083C756Cc2,1.2,0.05
2025-05-23T13:10:14.060Z,22545773,0xC02aaA39b223FE8D0A0e5C4F27eAD9083C756Cc2,1.2,0.05
2025-05-23T13:10:26.080Z,22545774,0xC02aaA39b223FE8D0A0e5C4F27eAD9083C756Cc2,1.2,0.05
2025-05-23T13:10:38.089Z,22545775,0xC02aaA39b223FE8D0A0e5C4F27eAD9083C756Cc2,1.2,0.05
2025-05-23T13:10:54.077Z,22545776,0xC02aaA39b223FE8D0A0e5C4F27eAD9083C756Cc2,1.2,0.05
2025-05-23T13:11:02.118Z,22545777,0xC02aaA39b223FE8D0A0e5C4F27eAD9083C756Cc2,1.2,0.05
2025-05-23T13:11:14.147Z,22545778,0xC02aaA39b223FE8D0A0e5C4F27eAD9083C756Cc2,1.2,0.05
2025-05-23T13:11:26.319Z,22545779,0xC02aaA39b223FE8D0A0e5C4F27eAD9083C756Cc2,1.2,0.05
2025-05-23T13:11:38.175Z,22545780,0xC02aaA39b223FE8D0A0e5C4F27eAD9083C756Cc2,1.2,0.05
2025-05-23T13:11:50.251Z,22545781,0xC02aaA39b223FE8D0A0e5C4F27eAD9083C756Cc2,1.2,0.05
2025-05-23T13:12:02.261Z,22545782,0xC02aaA39b223FE8D0A0e5C4F27eAD9083C756Cc2,1.2,0.05
2025-05-23T13:12:18.260Z,22545783,0xC02aaA39b223FE8D0A0e5C4F27eAD9083C756Cc2,1.2,0.05
2025-05-23T13:12:26.372Z,22545784,0xC02aaA39b223FE8D0A0e5C4F27eAD9083C756Cc2,1.2,0.05
2025-05-23T13:12:38.716Z,22545785,0xC02aaA39b223FE8D0A0e5C4F27eAD9083C756Cc2,1.2,0.05
2025-05-23T13:12:50.356Z,22545786,0xC02aaA39b223FE8D0A0e5C4F27eAD9083C756Cc2,1.2,0.05
2025-05-23T13:13:02.383Z,22545787,0xC02aaA39b223FE8D0A0e5C4F27eAD9083C756Cc2,1.2,0.05
2025-05-23T13:13:14.842Z,22545788,0xC02aaA39b223FE8D0A0e5C4F27eAD9083C756Cc2,1.2,0.05
2025-05-23T13:13:26.423Z,22545789,0xC02aaA39b223FE8D0A0e5C4F27eAD9083C756Cc2,1.2,0.05
2025-05-23T13:13:38.428Z,22545790,0xC02aaA39b223FE8D0A0e5C4F27eAD9083C756Cc2,1.2,0.05
2025-05-23T13:13:50.470Z,22545791,0xC02aaA39b223FE8D0A0e5C4F27eAD9083C756Cc2,1.2,0.05
2025-05-23T13:14:02.853Z,22545792,0xC02aaA39b223FE8D0A0e5C4F27eAD9083C756Cc2,1.2,0.05
2025-05-23T13:14:14.504Z,22545793,0xC02aaA39b223FE8D0A0e5C4F27eAD9083C756Cc2,1.2,0.05
2025-05-23T13:14:26.562Z,22545794,0xC02aaA39b223FE8D0A0e5C4F27eAD9083C756Cc2,1.2,0.05
2025-05-23T13:14:38.561Z,22545795,0xC02aaA39b223FE8D0A0e5C4F27eAD9083C756Cc2,1.2,0.05
2025-05-23T13:14:50.556Z,22545796,0xC02aaA39b223FE8D0A0e5C4F27eAD9083C756Cc2,1.2,0.05
2025-05-23T13:15:02.607Z,22545797,0xC02aaA39b223FE8D0A0e5C4F27eAD9083C756Cc2,1.2,0.05
2025-05-23T13:15:14.672Z,22545798,0xC02aaA39b223FE8D0A0e5C4F27eAD9083C756Cc2,1.2,0.05
2025-05-23T13:15:26.648Z,22545799,0xC02aaA39b223FE8D0A0e5C4F27eAD9083C756Cc2,1.2,0.05
2025-05-23T13:15:38.662Z,22545800,0xC02aaA39b223FE8D0A0e5C4F27eAD9083C756Cc2,1.2,0.05
2025-05-23T13:15:50.751Z,22545801,0xC02aaA39b223FE8D0A0e5C4F27eAD9083C756Cc2,1.2,0.05
2025-05-23T13:16:02.726Z,22545802,0xC02aaA39b223FE8D0A0e5C4F27eAD9083C756Cc2,1.2,0.05
2025-05-23T13:16:14.726Z,22545803,0xC02aaA39b223FE8D0A0e5C4F27eAD9083C756Cc2,1.2,0.05
2025-05-23T13:16:27.179Z,22545804,0xC02aaA39b223FE8D0A0e5C4F27eAD9083C756Cc2,1.2,0.05
2025-05-23T13:16:38.820Z,22545805,0xC02aaA39b223FE8D0A0e5C4F27eAD9083C756Cc2,1.2,0.05
2025-05-23T13:16:51.175Z,22545806,0xC02aaA39b223FE8D0A0e5C4F27eAD9083C756Cc2,1.2,0.05
2025-05-23T13:17:02.851Z,22545807,0xC02aaA39b223FE8D0A0e5C4F27eAD9083C756Cc2,1.2,0.05
2025-05-23T13:17:18.860Z,22545808,0xC02aaA39b223FE8D0A0e5C4F27eAD9083C756Cc2,1.2,0.05
2025-05-23T13:17:26.881Z,22545809,0xC02aaA39b223FE8D0A0e5C4F27eAD9083C756Cc2,1.2,0.05
2025-05-23T13:17:38.908Z,22545810,0xC02aaA39b223FE8D0A0e5C4F27eAD9083C756Cc2,1.2,0.05
2025-05-23T13:17:50.958Z,22545811,0xC02aaA39b223FE8D0A0e5C4F27eAD9083C756Cc2,1.2,0.05
2025-05-23T13:18:03.016Z,22545812,0xC02aaA39b223FE8D0A0e5C4F27eAD9083C756Cc2,1.2,0.05
2025-05-23T13:18:15.048Z,22545813,0xC02aaA39b223FE8D0A0e5C4F27eAD9083C756Cc2,1.2,0.05
2025-05-23T13:18:27.021Z,22545814,0xC02aaA39b223FE8D0A0e5C4F27eAD9083C756Cc2,1.2,0.05
2025-05-23T13:18:39.497Z,22545815,0xC02aaA39b223FE8D0A0e5C4F27eAD9083C756Cc2,1.2,0.05
2025-05-23T13:18:51.085Z,22545816,0xC02aaA39b223FE8D0A0e5C4F27eAD9083C756Cc2,1.2,0.05
2025-05-23T13:19:03.096Z,22545817,0xC02aaA39b223FE8D0A0e5C4F27eAD9083C756Cc2,1.2,0.05
2025-05-23T13:19:15.461Z,22545818,0xC02aaA39b223FE8D0A0e5C4F27eAD9083C756Cc2,1.2,0.05
2025-05-23T13:19:27.140Z,22545819,0xC02aaA39b223FE8D0A0e5C4F27eAD9083C756Cc2,1.2,0.05
2025-05-23T13:19:39.148Z,22545820,0xC02aaA39b223FE8D0A0e5C4F27eAD9083C756Cc2,1.2,0.05
2025-05-23T13:19:51.201Z,22545821,0xC02aaA39b223FE8D0A0e5C4F27eAD9083C756Cc2,1.2,0.05
2025-05-23T13:20:03.595Z,22545822,0xC02aaA39b223FE8D0A0e5C4F27eAD9083C756Cc2,1.2,0.05
2025-05-23T13:20:15.252Z,22545823,0xC02aaA39b223FE8D0A0e5C4F27eAD9083C756Cc2,1.2,0.05
2025-05-23T13:20:27.248Z,22545824,0xC02aaA39b223FE8D0A0e5C4F27eAD9083C756Cc2,1.2,0.05
2025-05-23T13:20:39.272Z,22545825,0xC02aaA39b223FE8D0A0e5C4F27eAD9083C756Cc2,1.2,0.05
2025-05-23T13:20:51.289Z,22545826,0xC02aaA39b223FE8D0A0e5C4F27eAD9083C756Cc2,1.2,0.05
2025-05-23T13:21:03.311Z,22545827,0xC02aaA39b223FE8D0A0e5C4F27eAD9083C756Cc2,1.2,0.05
2025-05-23T13:21:15.367Z,22545828,0xC02aaA39b223FE8D0A0e5C4F27eAD9083C756Cc2,1.2,0.05
2025-05-23T13:21:27.388Z,22545829,0xC02aaA39b223FE8D0A0e5C4F27eAD9083C756Cc2,1.2,0.05
2025-05-23T13:21:39.371Z,22545830,0xC02aaA39b223FE8D0A0e5C4F27eAD9083C756Cc2,1.2,0.05
2025-05-23T13:21:51.386Z,22545831,0xC02aaA39b223FE8D0A0e5C4F27eAD9083C756Cc2,1.2,0.05
2025-05-23T13:22:03.426Z,22545832,0xC02aaA39b223FE8D0A0e5C4F27eAD9083C756Cc2,1.2,0.05
2025-05-23T13:22:15.801Z,22545833,0xC02aaA39b223FE8D0A0e5C4F27eAD9083C756Cc2,1.2,0.05
2025-05-23T13:22:27.436Z,22545834,0xC02aaA39b223FE8D0A0e5C4F27eAD9083C756Cc2,1.2,0.05
2025-05-23T13:22:39.508Z,22545835,0xC02aaA39b223FE8D0A0e5C4F27eAD9083C756Cc2,1.2,0.05
2025-05-23T13:22:51.480Z,22545836,0xC02aaA39b223FE8D0A0e5C4F27eAD9083C756Cc2,1.2,0.05
2025-05-23T13:23:03.531Z,22545837,0xC02aaA39b223FE8D0A0e5C4F27eAD9083C756Cc2,1.2,0.05
2025-05-23T13:23:15.552Z,22545838,0xC02aaA39b223FE8D0A0e5C4F27eAD9083C756Cc2,1.2,0.05
2025-05-23T13:23:27.941Z,22545839,0xC02aaA39b223FE8D0A0e5C4F27eAD9083C756Cc2,1.2,0.05
2025-05-23T13:23:43.603Z,22545840,0xC02aaA39b223FE8D0A0e5C4F27eAD9083C756Cc2,1.2,0.05
2025-05-23T13:23:51.989Z,22545841,0xC02aaA39b223FE8D0A0e5C4F27eAD9083C756Cc2,1.2,0.05
2025-05-23T13:24:04.032Z,22545842,0xC02aaA39b223FE8D0A0e5C4F27eAD9083C756Cc2,1.2,0.05
2025-05-23T13:24:15.712Z,22545843,0xC02aaA39b223FE8D0A0e5C4F27eAD9083C756Cc2,1.2,0.05
2025-05-23T13:24:27.695Z,22545844,0xC02aaA39b223FE8D0A0e5C4F27eAD9083C756Cc2,1.2,0.05
2025-05-23T13:24:39.740Z,22545845,0xC02aaA39b223FE8D0A0e5C4F27eAD9083C756Cc2,1.2,0.05
2025-05-23T13:24:51.724Z,22545846,0xC02aaA39b223FE8D0A0e5C4F27eAD9083C756Cc2,1.2,0.05
2025-05-23T13:25:03.814Z,22545847,0xC02aaA39b223FE8D0A0e5C4F27eAD9083C756Cc2,1.2,0.05
2025-05-23T13:25:16.141Z,22545848,0xC02aaA39b223FE8D0A0e5C4F27eAD9083C756Cc2,1.2,0.05
2025-05-23T13:25:27.894Z,22545849,0xC02aaA39b223FE8D0A0e5C4F27eAD9083C756Cc2,1.2,0.05
2025-05-23T13:25:39.852Z,22545850,0xC02aaA39b223FE8D0A0e5C4F27eAD9083C756Cc2,1.2,0.05
2025-05-23T13:25:51.859Z,22545851,0xC02aaA39b223FE8D0A0e5C4F27eAD9083C756Cc2,1.2,0.05
2025-05-23T13:26:03.921Z,22545852,0xC02aaA39b223FE8D0A0e5C4F27eAD9083C756Cc2,1.2,0.05
2025-05-23T13:26:15.911Z,22545853,0xC02aaA39b223FE8D0A0e5C4F27eAD9083C756Cc2,1.2,0.05
2025-05-23T13:26:27.922Z,22545854,0xC02aaA39b223FE8D0A0e5C4F27eAD9083C756Cc2,1.2,0.05
2025-05-23T13:26:39.948Z,22545855,0xC02aaA39b223FE8D0A0e5C4F27eAD9083C756Cc2,1.2,0.05
2025-05-23T13:26:52.355Z,22545856,0xC02aaA39b223FE8D0A0e5C4F27eAD9083C756Cc2,1.2,0.05
2025-05-23T13:27:04.022Z,22545857,0xC02aaA39b223FE8D0A0e5C4F27eAD9083C756Cc2,1.2,0.05
2025-05-23T13:27:15.972Z,22545858,0xC02aaA39b223FE8D0A0e5C4F27eAD9083C756Cc2,1.2,0.05
2025-05-23T13:27:28.034Z,22545859,0xC02aaA39b223FE8D0A0e5C4F27eAD9083C756Cc2,1.2,0.05
2025-05-23T13:27:40.081Z,22545860,0xC02aaA39b223FE8D0A0e5C4F27eAD9083C756Cc2,1.2,0.05
2025-05-23T13:27:52.132Z,22545861,0xC02aaA39b223FE8D0A0e5C4F27eAD9083C756Cc2,1.2,0.05
2025-05-23T13:28:04.134Z,22545862,0xC02aaA39b223FE8D0A0e5C4F27eAD9083C756Cc2,1.2,0.05
2025-05-23T13:28:16.159Z,22545863,0xC02aaA39b223FE8D0A0e5C4F27eAD9083C756Cc2,1.2,0.05
2025-05-23T13:28:28.190Z,22545864,0xC02aaA39b223FE8D0A0e5C4F27eAD9083C756Cc2,1.2,0.05
2025-05-23T13:28:40.252Z,22545865,0xC02aaA39b223FE8D0A0e5C4F27eAD9083C756Cc2,1.2,0.05
2025-05-23T13:28:52.237Z,22545866,0xC02aaA39b223FE8D0A0e5C4F27eAD9083C756Cc2,1.2,0.05
2025-05-23T13:29:04.252Z,22545867,0xC02aaA39b223FE8D0A0e5C4F27eAD9083C756Cc2,1.2,0.05
2025-05-23T13:29:12.290Z,22545868,0xC02aaA39b223FE8D0A0e5C4F27eAD9083C756Cc2,1.2,0.05
2025-05-23T13:29:28.299Z,22545869,0xC02aaA39b223FE8D0A0e5C4F27eAD9083C756Cc2,1.2,0.05
2025-05-23T13:29:40.327Z,22545870,0xC02aaA39b223FE8D0A0e5C4F27eAD9083C756Cc2,1.2,0.05
2025-05-23T13:29:52.353Z,22545871,0xC02aaA39b223FE8D0A0e5C4F27eAD9083C756Cc2,1.2,0.05
2025-05-23T13:30:08.394Z,22545872,0xC02aaA39b223FE8D0A0e5C4F27eAD9083C756Cc2,1.2,0.05
2025-05-23T13:30:16.385Z,22545873,0xC02aaA39b223FE8D0A0e5C4F27eAD9083C756Cc2,1.2,0.05
2025-05-23T13:30:28.424Z,22545874,0xC02aaA39b223FE8D0A0e5C4F27eAD9083C756Cc2,1.2,0.05
2025-05-23T13:30:40.432Z,22545875,0xC02aaA39b223FE8D0A0e5C4F27eAD9083C756Cc2,1.2,0.05
2025-05-23T13:30:52.450Z,22545876,0xC02aaA39b223FE8D0A0e5C4F27eAD9083C756Cc2,1.2,0.05
2025-05-23T13:31:04.477Z,22545877,0xC02aaA39b223FE8D0A0e5C4F27eAD9083C756Cc2,1.2,0.05
2025-05-23T13:31:16.482Z,22545878,0xC02aaA39b223FE8D0A0e5C4F27eAD9083C756Cc2,1.2,0.05
2025-05-23T13:31:28.544Z,22545879,0xC02aaA39b223FE8D0A0e5C4F27eAD9083C756Cc2,1.2,0.05
2025-05-23T13:31:40.509Z,22545880,0xC02aaA39b223FE8D0A0e5C4F27eAD9083C756Cc2,1.2,0.05
2025-05-23T13:31:52.510Z,22545881,0xC02aaA39b223FE8D0A0e5C4F27eAD9083C756Cc2,1.2,0.05
2025-05-23T13:32:04.970Z,22545882,0xC02aaA39b223FE8D0A0e5C4F27eAD9083C756Cc2,1.2,0.05
2025-05-23T13:32:16.595Z,22545883,0xC02aaA39b223FE8D0A0e5C4F27eAD9083C756Cc2,1.2,0.05
2025-05-23T13:32:29.006Z,22545884,0xC02aaA39b223FE8D0A0e5C4F27eAD9083C756Cc2,1.2,0.05
2025-05-23T13:32:36.665Z,22545885,0xC02aaA39b223FE8D0A0e5C4F27eAD9083C756Cc2,1.2,0.05
2025-05-23T13:32:53.064Z,22545886,0xC02aaA39b223FE8D0A0e5C4F27eAD9083C756Cc2,1.2,0.05
2025-05-23T13:33:04.703Z,22545887,0xC02aaA39b223FE8D0A0e5C4F27eAD9083C756Cc2,1.2,0.05
2025-05-23T13:33:16.748Z,22545888,0xC02aaA39b223FE8D0A0e5C4F27eAD9083C756Cc2,1.2,0.05
2025-05-23T13:33:28.772Z,22545889,0xC02aaA39b223FE8D0A0e5C4F27eAD9083C756Cc2,1.2,0.05
2025-05-23T13:33:36.791Z,22545890,0xC02aaA39b223FE8D0A0e5C4F27eAD9083C756Cc2,1.2,0.05
2025-05-23T13:33:52.813Z,22545891,0xC02aaA39b223FE8D0A0e5C4F27eAD9083C756Cc2,1.2,0.05
2025-05-23T13:34:05.144Z,22545892,0xC02aaA39b223FE8D0A0e5C4F27eAD9083C756Cc2,1.2,0.05
2025-05-23T13:34:17.239Z,22545893,0xC02aaA39b223FE8D0A0e5C4F27eAD9083C756Cc2,1.2,0.05
2025-05-23T13:34:24.887Z,22545894,0xC02aaA39b223FE8D0A0e5C4F27eAD9083C756Cc2,1.2,0.05
2025-05-23T13:34:36.948Z,22545895,0xC02aaA39b223FE8D0A0e5C4F27eAD9083C756Cc2,1.2,0.05
2025-05-23T13:34:53.264Z,22545896,0xC02aaA39b223FE8D0A0e5C4F27eAD9083C756Cc2,1.2,0.05
2025-05-23T13:35:00.957Z,22545897,0xC02aaA39b223FE8D0A0e5C4F27eAD9083C756Cc2,1.2,0.05
2025-05-23T13:35:17.000Z,22545898,0xC02aaA39b223FE8D0A0e5C4F27eAD9083C756Cc2,1.2,0.05
2025-05-23T13:35:25.371Z,22545899,0xC02aaA39b223FE8D0A0e5C4F27eAD9083C756Cc2,1.2,0.05
2025-05-23T13:35:41.023Z,22545900,0xC02aaA39b223FE8D0A0e5C4F27eAD9083C756Cc2,1.2,0.05
2025-05-23T13:35:53.068Z,22545901,0xC02aaA39b223FE8D0A0e5C4F27eAD9083C756Cc2,1.2,0.05
2025-05-23T13:36:05.424Z,22545902,0xC02aaA39b223FE8D0A0e5C4F27eAD9083C756Cc2,1.2,0.05
2025-05-23T13:36:17.438Z,22545903,0xC02aaA39b223FE8D0A0e5C4F27eAD9083C756Cc2,1.2,0.05
2025-05-23T13:36:33.151Z,22545904,0xC02aaA39b223FE8D0A0e5C4F27eAD9083C756Cc2,1.2,0.05
2025-05-23T13:36:41.168Z,22545905,0xC02aaA39b223FE8D0A0e5C4F27eAD9083C756Cc2,1.2,0.05
2025-05-23T13:36:49.201Z,22545906,0xC02aaA39b223FE8D0A0e5C4F27eAD9083C756Cc2,1.2,0.05
2025-05-23T13:37:01.218Z,22545907,0xC02aaA39b223FE8D0A0e5C4F27eAD9083C756Cc2,1.2,0.05
2025-05-23T13:37:13.608Z,22545908,0xC02aaA39b223FE8D0A0e5C4F27eAD9083C756Cc2,1.2,0.05
2025-05-23T13:37:25.263Z,22545909,0xC02aaA39b223FE8D0A0e5C4F27eAD9083C756Cc2,1.2,0.05
2025-05-23T13:37:37.299Z,22545910,0xC02aaA39b223FE8D0A0e5C4F27eAD9083C756Cc2,1.2,0.05
2025-05-23T13:37:49.298Z,22545911,0xC02aaA39b223FE8D0A0e5C4F27eAD9083C756Cc2,1.2,0.05
2025-05-23T13:38:01.356Z,22545912,0xC02aaA39b223FE8D0A0e5C4F27eAD9083C756Cc2,1.2,0.05
2025-05-23T13:38:13.766Z,22545913,0xC02aaA39b223FE8D0A0e5C4F27eAD9083C756Cc2,1.2,0.05
2025-05-23T13:38:25.368Z,22545914,0xC02aaA39b223FE8D0A0e5C4F27eAD9083C756Cc2,1.2,0.05
2025-05-23T13:38:37.416Z,22545915,0xC02aaA39b223FE8D0A0e5C4F27eAD9083C756Cc2,1.2,0.05
2025-05-23T13:38:49.426Z,22545916,0xC02aaA39b223FE8D0A0e5C4F27eAD9083C756Cc2,1.2,0.05
2025-05-23T13:39:01.488Z,22545917,0xC02aaA39b223FE8D0A0e5C4F27eAD9083C756Cc2,1.2,0.05
2025-05-23T13:39:13.520Z,22545918,0xC02aaA39b223FE8D0A0e5C4F27eAD9083C756Cc2,1.2,0.05
2025-05-23T13:39:25.560Z,22545919,0xC02aaA39b223FE8D0A0e5C4F27eAD9083C756Cc2,1.2,0.05
2025-05-23T13:39:37.981Z,22545920,0xC02aaA39b223FE8D0A0e5C4F27eAD9083C756Cc2,1.2,0.05
2025-05-23T13:39:49.592Z,22545921,0xC02aaA39b223FE8D0A0e5C4F27eAD9083C756Cc2,1.2,0.05
2025-05-23T13:40:13.662Z,22545922,0xC02aaA39b223FE8D0A0e5C4F27eAD9083C756Cc2,1.2,0.05
2025-05-23T13:40:25.682Z,22545923,0xC02aaA39b223FE8D0A0e5C4F27eAD9083C756Cc2,1.2,0.05
2025-05-23T13:40:37.705Z,22545924,0xC02aaA39b223FE8D0A0e5C4F27eAD9083C756Cc2,1.2,0.05
2025-05-23T13:40:49.682Z,22545925,0xC02aaA39b223FE8D0A0e5C4F27eAD9083C756Cc2,1.2,0.05
2025-05-23T13:41:01.804Z,22545926,0xC02aaA39b223FE8D0A0e5C4F27eAD9083C756Cc2,1.2,0.05
2025-05-23T13:41:13.772Z,22545927,0xC02aaA39b223FE8D0A0e5C4F27eAD9083C756Cc2,1.2,0.05
2025-05-23T13:41:25.773Z,22545928,0xC02aaA39b223FE8D0A0e5C4F27eAD9083C756Cc2,1.2,0.05
2025-05-23T13:41:37.824Z,22545929,0xC02aaA39b223FE8D0A0e5C4F27eAD9083C756Cc2,1.2,0.05
2025-05-23T13:41:53.831Z,22545930,0xC02aaA39b223FE8D0A0e5C4F27eAD9083C756Cc2,1.2,0.05
2025-05-23T13:42:01.934Z,22545931,0xC02aaA39b223FE8D0A0e5C4F27eAD9083C756Cc2,1.2,0.05
2025-05-23T13:42:17.890Z,22545932,0xC02aaA39b223FE8D0A0e5C4F27eAD9083C756Cc2,1.2,0.05
2025-05-23T13:42:25.905Z,22545933,0xC02aaA39b223FE8D0A0e5C4F27eAD9083C756Cc2,1.2,0.05
2025-05-23T13:42:37.951Z,22545934,0xC02aaA39b223FE8D0A0e5C4F27eAD9083C756Cc2,1.2,0.05
2025-05-23T13:42:54.298Z,22545935,0xC02aaA39b223FE8D0A0e5C4F27eAD9083C756Cc2,1.2,0.05
2025-05-23T13:43:01.975Z,22545936,0xC02aaA39b223FE8D0A0e5C4F27eAD9083C756Cc2,1.2,0.05
2025-05-23T13:43:14.055Z,22545937,0xC02aaA39b223FE8D0A0e5C4F27eAD9083C756Cc2,1.2,0.05
2025-05-23T13:43:26.336Z,22545938,0xC02aaA39b223FE8D0A0e5C4F27eAD9083C756Cc2,1.2,0.05
2025-05-23T13:43:38.038Z,22545939,0xC02aaA39b223FE8D0A0e5C4F27eAD9083C756Cc2,1.2,0.05
2025-05-23T13:43:50.058Z,22545940,0xC02aaA39b223FE8D0A0e5C4F27eAD9083C756Cc2,1.2,0.05
2025-05-23T13:44:02.101Z,22545941,0xC02aaA39b223FE8D0A0e5C4F27eAD9083C756Cc2,1.2,0.05
2025-05-23T13:44:14.182Z,22545942,0xC02aaA39b223FE8D0A0e5C4F27eAD9083C756Cc2,1.2,0.05
2025-05-23T13:44:26.169Z,22545943,0xC02aaA39b223FE8D0A0e5C4F27eAD9083C756Cc2,1.2,0.05
2025-05-23T13:44:38.132Z,22545944,0xC02aaA39b223FE8D0A0e5C4F27eAD9083C756Cc2,1.2,0.05
2025-05-23T13:44:50.147Z,22545945,0xC02aaA39b223FE8D0A0e5C4F27eAD9083C756Cc2,1.2,0.05
2025-05-23T13:45:02.309Z,22545946,0xC02aaA39b223FE8D0A0e5C4F27eAD9083C756Cc2,1.2,0.05
2025-05-23T13:45:14.206Z,22545947,0xC02aaA39b223FE8D0A0e5C4F27eAD9083C756Cc2,1.2,0.05
2025-05-23T13:45:26.240Z,22545948,0xC02aaA39b223FE8D0A0e5C4F27eAD9083C756Cc2,1.2,0.05
2025-05-23T13:45:38.614Z,22545949,0xC02aaA39b223FE8D0A0e5C4F27eAD9083C756Cc2,1.2,0.05
2025-05-23T13:45:50.286Z,22545950,0xC02aaA39b223FE8D0A0e5C4F27eAD9083C756Cc2,1.2,0.05
2025-05-23T13:46:02.312Z,22545951,0xC02aaA39b223FE8D0A0e5C4F27eAD9083C756Cc2,1.2,0.05
2025-05-23T13:46:14.323Z,22545952,0xC02aaA39b223FE8D0A0e5C4F27eAD9083C756Cc2,1.2,0.05
2025-05-23T13:46:26.311Z,22545953,0xC02aaA39b223FE8D0A0e5C4F27eAD9083C756Cc2,1.2,0.05
2025-05-23T13:46:38.371Z,22545954,0xC02aaA39b223FE8D0A0e5C4F27eAD9083C756Cc2,1.2,0.05
2025-05-23T13:46:50.361Z,22545955,0xC02aaA39b223FE8D0A0e5C4F27eAD9083C756Cc2,1.2,0.05
2025-05-23T13:47:02.370Z,22545956,0xC02aaA39b223FE8D0A0e5C4F27eAD9083C756Cc2,1.2,0.05
2025-05-23T13:47:14.405Z,22545957,0xC02aaA39b223FE8D0A0e5C4F27eAD9083C756Cc2,1.2,0.05
2025-05-23T13:47:26.445Z,22545958,0xC02aaA39b223FE8D0A0e5C4F27eAD9083C756Cc2,1.2,0.05
2025-05-23T13:47:38.886Z,22545959,0xC02aaA39b223FE8D0A0e5C4F27eAD9083C756Cc2,1.2,0.05
2025-05-23T13:47:50.489Z,22545960,0xC02aaA39b223FE8D0A0e5C4F27eAD9083C756Cc2,1.2,0.05
2025-05-23T13:48:02.523Z,22545961,0xC02aaA39b223FE8D0A0e5C4F27eAD9083C756Cc2,1.2,0.05
2025-05-23T13:48:14.551Z,22545962,0xC02aaA39b223FE8D0A0e5C4F27eAD9083C756Cc2,1.2,0.05
2025-05-23T13:48:26.595Z,22545963,0xC02aaA39b223FE8D0A0e5C4F27eAD9083C756Cc2,1.2,0.05
2025-05-23T13:48:38.606Z,22545964,0xC02aaA39b223FE8D0A0e5C4F27eAD9083C756Cc2,1.2,0.05
2025-05-23T13:48:50.613Z,22545965,0xC02aaA39b223FE8D0A0e5C4F27eAD9083C756Cc2,1.2,0.05
2025-05-23T13:49:02.619Z,22545966,0xC02aaA39b223FE8D0A0e5C4F27eAD9083C756Cc2,1.2,0.05
2025-05-23T13:49:18.676Z,22545967,0xC02aaA39b223FE8D0A0e5C4F27eAD9083C756Cc2,1.2,0.05
2025-05-23T13:49:26.709Z,22545968,0xC02aaA39b223FE8D0A0e5C4F27eAD9083C756Cc2,1.2,0.05
2025-05-23T13:49:38.723Z,22545969,0xC02aaA39b223FE8D0A0e5C4F27eAD9083C756Cc2,1.2,0.05
2025-05-23T13:49:50.774Z,22545970,0xC02aaA39b223FE8D0A0e5C4F27eAD9083C756Cc2,1.2,0.05
2025-05-23T13:50:03.203Z,22545971,0xC02aaA39b223FE8D0A0e5C4F27eAD9083C756Cc2,1.2,0.05
2025-05-23T13:50:14.928Z,22545972,0xC02aaA39b223FE8D0A0e5C4F27eAD9083C756Cc2,1.2,0.05
2025-05-23T13:50:26.834Z,22545973,0xC02aaA39b223FE8D0A0e5C4F27eAD9083C756Cc2,1.2,0.05
2025-05-23T13:50:38.843Z,22545974,0xC02aaA39b223FE8D0A0e5C4F27eAD9083C756Cc2,1.2,0.05
2025-05-23T13:50:50.900Z,22545975,0xC02aaA39b223FE8D0A0e5C4F27eAD9083C756Cc2,1.2,0.05
2025-05-23T13:51:02.906Z,22545976,0xC02aaA39b223FE8D0A0e5C4F27eAD9083C756Cc2,1.2,0.05
2025-05-23T13:51:14.917Z,22545977,0xC02aaA39b223FE8D0A0e5C4F27eAD9083C756Cc2,1.2,0.05
2025-05-23T13:51:26.971Z,22545978,0xC02aaA39b223FE8D0A0e5C4F27eAD9083C756Cc2,1.2,0.05
2025-05-23T13:51:39.357Z,22545979,0xC02aaA39b223FE8D0A0e5C4F27eAD9083C756Cc2,1.2,0.05
2025-05-23T13:51:51.038Z,22545980,0xC02aaA39b223FE8D0A0e5C4F27eAD9083C756Cc2,1.2,0.05
2025-05-23T13:52:03.062Z,22545981,0xC02aaA39b223FE8D0A0e5C4F27eAD9083C756Cc2,1.2,0.05
2025-05-23T13:52:15.155Z,22545982,0xC02aaA39b223FE8D0A0e5C4F27eAD9083C756Cc2,1.2,0.05
2025-05-23T13:52:27.074Z,22545983,0xC02aaA39b223FE8D0A0e5C4F27eAD9083C756Cc2,1.2,0.05
2025-05-23T13:52:39.430Z,22545984,0xC02aaA39b223FE8D0A0e5C4F27eAD9083C756Cc2,1.2,0.05
2025-05-23T13:52:51.060Z,22545985,0xC02aaA39b223FE8D0A0e5C4F27eAD9083C756Cc2,1.2,0.05
2025-05-23T13:53:03.115Z,22545986,0xC02aaA39b223FE8D0A0e5C4F27eAD9083C756Cc2,1.2,0.05
2025-05-23T13:53:15.125Z,22545987,0xC02aaA39b223FE8D0A0e5C4F27eAD9083C756Cc2,1.2,0.05
2025-05-23T13:53:27.231Z,22545988,0xC02aaA39b223FE8D0A0e5C4F27eAD9083C756Cc2,1.2,0.05
2025-05-23T13:53:39.531Z,22545989,0xC02aaA39b223FE8D0A0e5C4F27eAD9083C756Cc2,1.2,0.05
2025-05-23T13:53:51.190Z,22545990,0xC02aaA39b223FE8D0A0e5C4F27eAD9083C756Cc2,1.2,0.05
2025-05-23T13:54:03.201Z,22545991,0xC02aaA39b223FE8D0A0e5C4F27eAD9083C756Cc2,1.2,0.05
2025-05-23T13:54:15.201Z,22545992,0xC02aaA39b223FE8D0A0e5C4F27eAD9083C756Cc2,1.2,0.05
2025-05-23T13:54:27.285Z,22545993,0xC02aaA39b223FE8D0A0e5C4F27eAD9083C756Cc2,1.2,0.05
2025-05-23T13:54:39.267Z,22545994,0xC02aaA39b223FE8D0A0e5C4F27eAD9083C756Cc2,1.2,0.05
2025-05-23T13:54:51.317Z,22545995,0xC02aaA39b223FE8D0A0e5C4F27eAD9083C756Cc2,1.2,0.05
2025-05-23T13:55:03.311Z,22545996,0xC02aaA39b223FE8D0A0e5C4F27eAD9083C756Cc2,1.2,0.05
2025-05-23T13:55:15.685Z,22545997,0xC02aaA39b223FE8D0A0e5C4F27eAD9083C756Cc2,1.2,0.05
2025-05-23T13:55:27.366Z,22545998,0xC02aaA39b223FE8D0A0e5C4F27eAD9083C756Cc2,1.2,0.05
2025-05-23T13:55:43.431Z,22545999,0xC02aaA39b223FE8D0A0e5C4F27eAD9083C756Cc2,1.2,0.05
2025-05-23T13:55:51.852Z,22546000,0xC02aaA39b223FE8D0A0e5C4F27eAD9083C756Cc2,1.2,0.05
2025-05-23T13:56:03.440Z,22546001,0xC02aaA39b223FE8D0A0e5C4F27eAD9083C756Cc2,1.2,0.05
2025-05-23T13:56:15.453Z,22546002,0xC02aaA39b223FE8D0A0e5C4F27eAD9083C756Cc2,1.2,0.05
2025-05-23T13:56:27.452Z,22546003,0xC02aaA39b223FE8D0A0e5C4F27eAD9083C756Cc2,1.2,0.05
2025-05-23T13:56:51.857Z,22546004,0xC02aaA39b223FE8D0A0e5C4F27eAD9083C756Cc2,1.2,0.05
2025-05-23T13:57:03.518Z,22546005,0xC02aaA39b223FE8D0A0e5C4F27eAD9083C756Cc2,1.2,0.05
2025-05-23T13:57:15.547Z,22546006,0xC02aaA39b223FE8D0A0e5C4F27eAD9083C756Cc2,1.2,0.05
2025-05-23T13:57:27.579Z,22546007,0xC02aaA39b223FE8D0A0e5C4F27eAD9083C756Cc2,1.2,0.05
2025-05-23T13:57:39.603Z,22546008,0xC02aaA39b223FE8D0A0e5C4F27eAD9083C756Cc2,1.2,0.05
2025-05-23T13:57:51.605Z,22546009,0xC02aaA39b223FE8D0A0e5C4F27eAD9083C756Cc2,1.2,0.05
2025-05-23T13:58:03.650Z,22546010,0xC02aaA39b223FE8D0A0e5C4F27eAD9083C756Cc2,1.2,0.05
2025-05-23T13:58:15.628Z,22546011,0xC02aaA39b223FE8D0A0e5C4F27eAD9083C756Cc2,1.2,0.05
2025-05-23T13:58:28.096Z,22546012,0xC02aaA39b223FE8D0A0e5C4F27eAD9083C756Cc2,1.2,0.05
2025-05-23T13:58:40.040Z,22546013,0xC02aaA39b223FE8D0A0e5C4F27eAD9083C756Cc2,1.2,0.05
2025-05-23T13:58:51.756Z,22546014,0xC02aaA39b223FE8D0A0e5C4F27eAD9083C756Cc2,1.2,0.05
2025-05-23T13:59:04.083Z,22546015,0xC02aaA39b223FE8D0A0e5C4F27eAD9083C756Cc2,1.2,0.05
2025-05-23T13:59:15.774Z,22546016,0xC02aaA39b223FE8D0A0e5C4F27eAD9083C756Cc2,1.2,0.05
2025-05-23T13:59:27.821Z,22546017,0xC02aaA39b223FE8D0A0e5C4F27eAD9083C756Cc2,1.2,0.05
2025-05-23T13:59:39.808Z,22546018,0xC02aaA39b223FE8D0A0e5C4F27eAD9083C756Cc2,1.2,0.05
2025-05-23T13:59:52.199Z,22546019,0xC02aaA39b223FE8D0A0e5C4F27eAD9083C756Cc2,1.2,0.05
2025-05-23T14:00:03.900Z,22546020,0xC02aaA39b223FE8D0A0e5C4F27eAD9083C756Cc2,1.2,0.05
2025-05-23T14:00:15.937Z,22546021,0xC02aaA39b223FE8D0A0e5C4F27eAD9083C756Cc2,1.2,0.05
2025-05-23T14:00:27.905Z,22546022,0xC02aaA39b223FE8D0A0e5C4F27eAD9083C756Cc2,1.2,0.05
2025-05-23T14:00:39.977Z,22546023,0xC02aaA39b223FE8D0A0e5C4F27eAD9083C756Cc2,1.2,0.05
2025-05-23T14:00:52.261Z,22546024,0xC02aaA39b223FE8D0A0e5C4F27eAD9083C756Cc2,1.2,0.05
2025-05-23T14:01:03.987Z,22546025,0xC02aaA39b223FE8D0A0e5C4F27eAD9083C756Cc2,1.2,0.05
2025-05-23T14:01:15.979Z,22546026,0xC02aaA39b223FE8D0A0e5C4F27eAD9083C756Cc2,1.2,0.05
2025-05-23T14:01:28.027Z,22546027,0xC02aaA39b223FE8D0A0e5C4F27eAD9083C756Cc2,1.2,0.05
2025-05-23T14:01:40.017Z,22546028,0xC02aaA39b223FE8D0A0e5C4F27eAD9083C756Cc2,1.2,0.05
2025-05-23T14:01:52.082Z,22546029,0xC02aaA39b223FE8D0A0e5C4F27eAD9083C756Cc2,1.2,0.05
2025-05-23T14:02:08.086Z,22546030,0xC02aaA39b223FE8D0A0e5C4F27eAD9083C756Cc2,1.2,0.05
2025-05-23T14:02:16.499Z,22546031,0xC02aaA39b223FE8D0A0e5C4F27eAD9083C756Cc2,1.2,0.05
2025-05-23T14:02:28.910Z,22546032,0xC02aaA39b223FE8D0A0e5C4F27eAD9083C756Cc2,1.2,0.05
2025-05-23T14:02:40.185Z,22546033,0xC02aaA39b223FE8D0A0e5C4F27eAD9083C756Cc2,1.2,0.05
2025-05-23T14:02:52.210Z,22546034,0xC02aaA39b223FE8D0A0e5C4F27eAD9083C756Cc2,1.2,0.05
2025-05-23T14:03:04.199Z,22546035,0xC02aaA39b223FE8D0A0e5C4F27eAD9083C756Cc2,1.2,0.05
2025-05-23T14:03:16.252Z,22546036,0xC02aaA39b223FE8D0A0e5C4F27eAD9083C756Cc2,1.2,0.05
2025-05-23T14:03:28.261Z,22546037,0xC02aaA39b223FE8D0A0e5C4F27eAD9083C756Cc2,1.2,0.05
2025-05-23T14:03:40.693Z,22546038,0xC02aaA39b223FE8D0A0e5C4F27eAD9083C756Cc2,1.2,0.05
2025-05-23T14:03:52.308Z,22546039,0xC02aaA39b223FE8D0A0e5C4F27eAD9083C756Cc2,1.2,0.05
2025-05-23T14:04:04.330Z,22546040,0xC02aaA39b223FE8D0A0e5C4F27eAD9083C756Cc2,1.2,0.05
2025-05-23T14:04:16.336Z,22546041,0xC02aaA39b223FE8D0A0e5C4F27eAD9083C756Cc2,1.2,0.05
2025-05-23T14:04:28.755Z,22546042,0xC02aaA39b223FE8D0A0e5C4F27eAD9083C756Cc2,1.2,0.05
2025-05-23T14:04:40.426Z,22546043,0xC02aaA39b223FE8D0A0e5C4F27eAD9083C756Cc2,1.2,0.05
2025-05-23T14:04:52.480Z,22546044,0xC02aaA39b223FE8D0A0e5C4F27eAD9083C756Cc2,1.2,0.05
2025-05-23T14:05:04.541Z,22546045,0xC02aaA39b223FE8D0A0e5C4F27eAD9083C756Cc2,1.2,0.05
2025-05-23T14:05:16.483Z,22546046,0xC02aaA39b223FE8D0A0e5C4F27eAD9083C756Cc2,1.2,0.05
2025-05-23T14:05:28.525Z,22546047,0xC02aaA39b223FE8D0A0e5C4F27eAD9083C756Cc2,1.2,0.05
2025-05-23T14:05:40.568Z,22546048,0xC02aaA39b223FE8D0A0e5C4F27eAD9083C756Cc2,1.2,0.05
2025-05-23T14:05:48.592Z,22546049,0xC02aaA39b223FE8D0A0e5C4F27eAD9083C756Cc2,1.2,0.05
2025-05-23T14:06:04.622Z,22546050,0xC02aaA39b223FE8D0A0e5C4F27eAD9083C756Cc2,1.2,0.05
2025-05-23T14:06:16.652Z,22546051,0xC02aaA39b223FE8D0A0e5C4F27eAD9083C756Cc2,1.2,0.05
2025-05-23T14:06:28.987Z,22546052,0xC02aaA39b223FE8D0A0e5C4F27eAD9083C756Cc2,1.2,0.05
2025-05-23T14:06:40.695Z,22546053,0xC02aaA39b223FE8D0A0e5C4F27eAD9083C756Cc2,1.2,0.05
2025-05-23T14:06:52.646Z,22546054,0xC02aaA39b223FE8D0A0e5C4F27eAD9083C756Cc2,1.2,0.05
2025-05-23T14:07:00.691Z,22546055,0xC02aaA39b223FE8D0A0e5C4F27eAD9083C756Cc2,1.2,0.05
2025-05-23T14:07:16.801Z,22546056,0xC02aaA39b223FE8D0A0e5C4F27eAD9083C756Cc2,1.2,0.05
2025-05-23T14:07:28.790Z,22546057,0xC02aaA39b223FE8D0A0e5C4F27eAD9083C756Cc2,1.2,0.05
2025-05-23T14:07:40.802Z,22546058,0xC02aaA39b223FE8D0A0e5C4F27eAD9083C756Cc2,1.2,0.05
2025-05-23T14:07:52.839Z,22546059,0xC02aaA39b223FE8D0A0e5C4F27eAD9083C756Cc2,1.2,0.05
2025-05-23T14:08:00.879Z,22546060,0xC02aaA39b223FE8D0A0e5C4F27eAD9083C756Cc2,1.2,0.05
2025-05-23T14:08:17.327Z,22546061,0xC02aaA39b223FE8D0A0e5C4F27eAD9083C756Cc2,1.2,0.05
2025-05-23T14:08:32.910Z,22546062,0xC02aaA39b223FE8D0A0e5C4F27eAD9083C756Cc2,1.2,0.05
2025-05-23T14:08:36.870Z,22546063,0xC02aaA39b223FE8D0A0e5C4F27eAD9083C756Cc2,1.2,0.05
2025-05-23T14:08:52.933Z,22546064,0xC02aaA39b223FE8D0A0e5C4F27eAD9083C756Cc2,1.2,0.05
2025-05-23T14:09:05.013Z,22546065,0xC02aaA39b223FE8D0A0e5C4F27eAD9083C756Cc2,1.2,0.05
2025-05-23T14:09:16.969Z,22546066,0xC02aaA39b223FE8D0A0e5C4F27eAD9083C756Cc2,1.2,0.05
2025-05-23T14:09:24.947Z,22546067,0xC02aaA39b223FE8D0A0e5C4F27eAD9083C756Cc2,1.2,0.05
2025-05-23T14:09:36.995Z,22546068,0xC02aaA39b223FE8D0A0e5C4F27eAD9083C756Cc2,1.2,0.05
2025-05-23T14:09:49.166Z,22546069,0xC02aaA39b223FE8D0A0e5C4F27eAD9083C756Cc2,1.2,0.05
2025-05-23T14:10:01.065Z,22546070,0xC02aaA39b223FE8D0A0e5C4F27eAD9083C756Cc2,1.2,0.05
2025-05-23T14:10:17.473Z,22546071,0xC02aaA39b223FE8D0A0e5C4F27eAD9083C756Cc2,1.2,0.05
2025-05-23T14:10:25.151Z,22546072,0xC02aaA39b223FE8D0A0e5C4F27eAD9083C756Cc2,1.2,0.05
2025-05-23T14:10:37.119Z,22546073,0xC02aaA39b223FE8D0A0e5C4F27eAD9083C756Cc2,1.2,0.05
2025-05-23T14:10:49.126Z,22546074,0xC02aaA39b223FE8D0A0e5C4F27eAD9083C756Cc2,1.2,0.05
2025-05-23T14:11:01.177Z,22546075,0xC02aaA39b223FE8D0A0e5C4F27eAD9083C756Cc2,1.2,0.05
2025-05-23T14:11:17.269Z,22546076,0xC02aaA39b223FE8D0A0e5C4F27eAD9083C756Cc2,1.2,0.05
2025-05-23T14:11:25.248Z,22546077,0xC02aaA39b223FE8D0A0e5C4F27eAD9083C756Cc2,1.2,0.05
2025-05-23T14:11:41.558Z,22546078,0xC02aaA39b223FE8D0A0e5C4F27eAD9083C756Cc2,1.2,0.05
2025-05-23T14:11:53.256Z,22546079,0xC02aaA39b223FE8D0A0e5C4F27eAD9083C756Cc2,1.2,0.05
2025-05-23T14:12:01.323Z,22546080,0xC02aaA39b223FE8D0A0e5C4F27eAD9083C756Cc2,1.2,0.05
2025-05-23T14:12:13.331Z,22546081,0xC02aaA39b223FE8D0A0e5C4F27eAD9083C756Cc2,1.2,0.05
2025-05-23T14:12:25.658Z,22546082,0xC02aaA39b223FE8D0A0e5C4F27eAD9083C756Cc2,1.2,0.05
2025-05-23T14:12:37.342Z,22546083,0xC02aaA39b223FE8D0A0e5C4F27eAD9083C756Cc2,1.2,0.05
2025-05-23T14:12:49.395Z,22546084,0xC02aaA39b223FE8D0A0e5C4F27eAD9083C756Cc2,1.2,0.05
2025-05-23T14:13:01.475Z,22546085,0xC02aaA39b223FE8D0A0e5C4F27eAD9083C756Cc2,1.2,0.05
2025-05-23T14:13:13.393Z,22546086,0xC02aaA39b223FE8D0A0e5C4F27eAD9083C756Cc2,1.2,0.05
2025-05-23T14:13:25.480Z,22546087,0xC02aaA39b223FE8D0A0e5C4F27eAD9083C756Cc2,1.2,0.05
2025-05-23T14:13:41.504Z,22546088,0xC02aaA39b223FE8D0A0e5C4F27eAD9083C756Cc2,1.2,0.05
2025-05-23T14:13:53.510Z,22546089,0xC02aaA39b223FE8D0A0e5C4F27eAD9083C756Cc2,1.2,0.05
2025-05-23T14:14:01.484Z,22546090,0xC02aaA39b223FE8D0A0e5C4F27eAD9083C756Cc2,1.2,0.05
2025-05-23T14:14:13.603Z,22546091,0xC02aaA39b223FE8D0A0e5C4F27eAD9083C756Cc2,1.2,0.05
2025-05-23T14:14:29.578Z,22546092,0xC02aaA39b223FE8D0A0e5C4F27eAD9083C756Cc2,1.2,0.05
2025-05-23T14:14:37.581Z,22546093,0xC02aaA39b223FE8D0A0e5C4F27eAD9083C756Cc2,1.2,0.05
2025-05-23T14:14:53.706Z,22546094,0xC02aaA39b223FE8D0A0e5C4F27eAD9083C756Cc2,1.2,0.05
2025-05-23T14:15:01.665Z,22546095,0xC02aaA39b223FE8D0A0e5C4F27eAD9083C756Cc2,1.2,0.05
2025-05-23T14:15:13.699Z,22546096,0xC02aaA39b223FE8D0A0e5C4F27eAD9083C756Cc2,1.2,0.05
2025-05-23T14:15:25.680Z,22546097,0xC02aaA39b223FE8D0A0e5C4F27eAD9083C756Cc2,1.2,0.05
2025-05-23T14:15:38.133Z,22546098,0xC02aaA39b223FE8D0A0e5C4F27eAD9083C756Cc2,1.2,0.05
2025-05-23T14:16:01.832Z,22546099,0xC02aaA39b223FE8D0A0e5C4F27eAD9083C756Cc2,1.2,0.05
2025-05-23T14:16:13.824Z,22546100,0xC02aaA39b223FE8D0A0e5C4F27eAD9083C756Cc2,1.2,0.05
2025-05-23T14:16:25.835Z,22546101,0xC02aaA39b223FE8D0A0e5C4F27eAD9083C756Cc2,1.2,0.05
2025-05-23T14:16:41.881Z,22546102,0xC02aaA39b223FE8D0A0e5C4F27eAD9083C756Cc2,1.2,0.05
2025-05-23T14:16:50.296Z,22546103,0xC02aaA39b223FE8D0A0e5C4F27eAD9083C756Cc2,1.2,0.05
2025-05-23T14:17:01.951Z,22546104,0xC02aaA39b223FE8D0A0e5C4F27eAD9083C756Cc2,1.2,0.05
2025-05-23T14:17:13.944Z,22546105,0xC02aaA39b223FE8D0A0e5C4F27eAD9083C756Cc2,1.2,0.05
2025-05-23T14:17:26.000Z,22546106,0xC02aaA39b223FE8D0A0e5C4F27eAD9083C756Cc2,1.2,0.05
2025-05-23T14:17:38.321Z,22546107,0xC02aaA39b223FE8D0A0e5C4F27eAD9083C756Cc2,1.2,0.05
2025-05-23T14:17:50.161Z,22546108,0xC02aaA39b223FE8D0A0e5C4F27eAD9083C756Cc2,1.2,0.05
2025-05-23T14:18:02.027Z,22546109,0xC02aaA39b223FE8D0A0e5C4F27eAD9083C756Cc2,1.2,0.05
2025-05-23T14:18:14.026Z,22546110,0xC02aaA39b223FE8D0A0e5C4F27eAD9083C756Cc2,1.2,0.05
2025-05-23T14:18:26.013Z,22546111,0xC02aaA39b223FE8D0A0e5C4F27eAD9083C756Cc2,1.2,0.05
2025-05-23T14:18:38.046Z,22546112,0xC02aaA39b223FE8D0A0e5C4F27eAD9083C756Cc2,1.2,0.05
2025-05-23T14:18:50.100Z,22546113,0xC02aaA39b223FE8D0A0e5C4F27eAD9083C756Cc2,1.2,0.05
2025-05-23T14:19:02.149Z,22546114,0xC02aaA39b223FE8D0A0e5C4F27eAD9083C756Cc2,1.2,0.05
2025-05-23T14:19:14.518Z,22546115,0xC02aaA39b223FE8D0A0e5C4F27eAD9083C756Cc2,1.2,0.05
2025-05-23T14:19:26.206Z,22546116,0xC02aaA39b223FE8D0A0e5C4F27eAD9083C756Cc2,1.2,0.05
2025-05-23T14:19:38.168Z,22546117,0xC02aaA39b223FE8D0A0e5C4F27eAD9083C756Cc2,1.2,0.05
2025-05-23T14:19:50.252Z,22546118,0xC02aaA39b223FE8D0A0e5C4F27eAD9083C756Cc2,1.2,0.05
2025-05-23T14:20:02.227Z,22546119,0xC02aaA39b223FE8D0A0e5C4F27eAD9083C756Cc2,1.2,0.05
2025-05-23T14:20:14.254Z,22546120,0xC02aaA39b223FE8D0A0e5C4F27eAD9083C756Cc2,1.2,0.05
2025-05-23T14:20:30.274Z,22546121,0xC02aaA39b223FE8D0A0e5C4F27eAD9083C756Cc2,1.2,0.05
2025-05-23T14:20:38.256Z,22546122,0xC02aaA39b223FE8D0A0e5C4F27eAD9083C756Cc2,1.2,0.05
2025-05-23T14:20:50.288Z,22546123,0xC02aaA39b223FE8D0A0e5C4F27eAD9083C756Cc2,1.2,0.05
2025-05-23T14:21:02.728Z,22546124,0xC02aaA39b223FE8D0A0e5C4F27eAD9083C756Cc2,1.2,0.05
2025-05-23T14:21:18.404Z,22546125,0xC02aaA39b223FE8D0A0e5C4F27eAD9083C756Cc2,1.2,0.05
2025-05-23T14:21:26.405Z,22546126,0xC02aaA39b223FE8D0A0e5C4F27eAD9083C756Cc2,1.2,0.05
2025-05-23T14:21:38.406Z,22546127,0xC02aaA39b223FE8D0A0e5C4F27eAD9083C756Cc2,1.2,0.05
2025-05-23T14:21:50.421Z,22546128,0xC02aaA39b223FE8D0A0e5C4F27eAD9083C756Cc2,1.2,0.05
2025-05-23T14:22:02.459Z,22546129,0xC02aaA39b223FE8D0A0e5C4F27eAD9083C756Cc2,1.2,0.05
2025-05-23T14:22:14.483Z,22546130,0xC02aaA39b223FE8D0A0e5C4F27eAD9083C756Cc2,1.2,0.05
2025-05-23T14:22:26.531Z,22546131,0xC02aaA39b223FE8D0A0e5C4F27eAD9083C756Cc2,1.2,0.05
2025-05-23T14:22:38.495Z,22546132,0xC02aaA39b223FE8D0A0e5C4F27eAD9083C756Cc2,1.2,0.05
2025-05-23T14:22:50.860Z,22546133,0xC02aaA39b223FE8D0A0e5C4F27eAD9083C756Cc2,1.2,0.05
